BAPA	01	
BAPA	02	
BAPA	03	
BAPA	04	
BAPA	05	
BCBMEA	1	icbm2sa
BCBMEA	2	bcbmea01_2	icbm2sa_2
BCBMEA	3	bcbmea01_3	icbm2sa_3
BCBMEA	4	bcbmea02	icbm2pp
BCBMEA	5	bcbmea02_2	icbm2pp_2
BCBMEA	6	bcbmea02_3	icbm2pp_3
BCBMEA	7	bcbmea03	icbm2bm
BCBMEA	8	bcbmea03_2	icbm2bm_2
BCBMEA	9	bcbmea03_3	icbm2bm_3
BCBMEA	10	bcbmea04	icbm2ss
BCBMEA	11	bcbmea04_2	icbm2ss_2
BCBMEA	12	bcbmea04_3	icbm2ss_3
BCBMEA	13	bcbmea05	icbm1sa
BCBMEA	14	bcbmea05_2	icbm1sa_2
BCBMEA	15	bcbmea05_3	icbm1sa_3
BCBMEA	16	bcbmea06	icbm1pd
BCBMEA	17	bcbmea06_2	icbm1pd_2
BCBMEA	18	bcbmea06_3	icbm1pd_3
BCBMEA	19	bcbmea07	icbm1ps
BCBMEA	20	bcbmea07_2	icbm1ps_2
BCBMEA	21	bcbmea07_3	icbm1ps_3
BCBMEA	22	bcbmea08	icbm1bm
BCBMEA	23	bcbmea08_2	icbm1bm_2
BCBMEA	24	bcbmea08_3	icbm1bm_3
BCBMEA	25	bcbmea09	icbm1bs
BCBMEA	26	bcbmea09_2	icbm1bs_2
BCBMEA	27	bcbmea09_3	icbm1bs_3
BCBMEA	28	bcbmea10_2	icbm1ss_2
BCBMEA	29	bcbmea10_3	icbm1ss_3
BCBMEA	42	bcbmea10	icbm1ss
BCBREA	1	icbr2a
BCBREA	2	bcbrea01_2	icbr2a_2
BCBREA	3	bcbrea01_3	icbr2a_3
BCBREA	4	bcbrea02	icbr2b
BCBREA	5	bcbrea02_2	icbr2b_2
BCBREA	6	bcbrea02_3	icbr2b_3
BCBREA	7	bcbrea03	icbr2l
BCBREA	8	bcbrea03_2	icbr2l_2
BCBREA	9	bcbrea03_3	icbr2l_3
BCBREA	10	bcbrea04	icbr1p
BCBREA	11	bcbrea04_2	icbr1p_2
BCBREA	12	bcbrea04_3	icbr1p_3
BCBREA	13	bcbrea05	icbr1b
BCBREA	14	bcbrea05_2	icbr1b_2
BCBREA	15	bcbrea05_3	icbr1b_3
BCBREA	16	bcbrea06	icbr2r
BCBREA	17	bcbrea06_2	icbr2r_2
BCBREA	18	bcbrea06_3	icbr2r_3
BCBREA	19	bcbsea01	icbsb
BCBREA	20	bcbsea01_2	icbsb_2
BCBREA	21	bcbsea01_3	icbsb_3
BCBREA	22	bcbsea02	icbss
BCBREA	23	bcbsea02_2	icbss_2
BCBREA	24	bcbsea02_3	icbss_3
BCCAEA	07	iccalb
BCCAEA	08	iccalg
BCCAEA	09	iccalp
BCCAEA	10	iccals
BCCAEA	11	iccalv
BCCAEB	16	bccaea12	iccamb
BCCAEB	19	bccaea13	iccamg
BCCAEB	22	bccaea14	iccamp
BCCAEB	25	bccaea15	iccams
BCCAEB	28	bccaea16	iccamv
BCCAEC	01	bccaea01	iccahb
BCCAEC	02	bccaea02	iccahg
BCCAEC	03	bccaea03	iccahh
BCCAEC	04	bccaea04	iccahp
BCCAEC	05	bccaea05	iccahs
BCCAEC	06	bccaea06	iccahv
BCCAEC	7	bcbahb_m	
BCCAEC	8	bcbahg_m	
BCCAEC	9	bcbahh_m	
BCCAEC	10	bcbahp_m	
BCCAEC	11	bcbahs_m	
BCCAEC	12	bcbahv_m	
BCCAEC	17	bcbahb	iccahb_b
BCCAEC	18	bcbahg	iccahg_b
BCCAEC	19	bcbahh	iccahh_b
BCCAEC	20	bcbahp	iccahp_b
BCCAEC	21	bcbahs	iccahs_b
BCCAEC	22	bcbahv	iccahv_b
BCCAED	7	bccaea19	iccacp
BCCMEA	01	iccm2sa
BCCMEA	02	iccm2pp
BCCMEA	03	iccm2bm
BCCMEA	04	iccm2ss
BCCMEA	05	iccm1sa
BCCMEA	06	iccm1pd
BCCMEA	07	iccm1ps
BCCMEA	08	iccm1bm
BCCMEA	09	iccm1bs
BCCMEA	10	iccm1ss
BCCMEA	11	bccmea15	iccm2ms
BCCMEA	17	iccm1bs
BCCMEA	45	bccmea16	ic_candy_stick
BCCPEA	01	iccp2ab
BCCPEA	02	iccp2ap
BCCPEA	03	iccp2as
BCCPEA	04	iccp2bb
BCCPEA	05	iccp2bp
BCCPEA	06	iccp2bs
BCCPEA	10	iccp2lb
BCCPEA	11	iccp2lp
BCCPEA	12	iccp2ls
BCCPEA	13	iccp1bb
BCCPEA	14	iccp1bp
BCCPEA	15	iccp1bs
BCCPEA	16	iccp1pb
BCCPEA	17	iccp1pp
BCCPEA	18	iccp1ps
BCCPEA	19	iccp2rb
BCCPEA	20	iccp2rp
BCCPEA	21	iccp2rs
BCCREA	01	iccr2a
BCCREA	02	iccr2b
BCCREA	03	iccr2l
BCCREA	04	iccr1p
BCCREA	05	iccr1b
BCCREA	06	iccr2r
BCCSEA	01	iccsb
BCCSEA	02	iccss
BCCSEA	03	pre_order
BCCSEA	4	bckarsea01	ickarss_ep2_1
BCCSEA	5	bckarsea02	ickarss_ep2_2
BCCSEA	6	bckarsea03	ickarss_ep2_3
BCCSEA	7	bckamsea01	ickamss_ep2_1
BCCSEA	8	bckamsea02	ickamss_ep2_2
BCCSEA	9	bckamsea03	ickamss_ep2_3
BCFACA	01	
BCFACA	02	
BCFACA	03	
BCFACA	04	
BCFACA	05	
BCFACA	06	
BCFACA	07	
BCFACA	08	
BCFACA	09	
BCFACA	10	
BCFACA	11	
BCFACA	12	
BCFACA	13	
BCFACA	14	
BCFACA	15	
BCFACA	16	
BCFACA	17	
BCFACA	18	
BCFACA	19	
BCFACA	20	
BCFACA	21	
BCFACA	22	
BCFACA	23	
BCFACA	24	
BCFACA	25	
BCFAEA	1	bcfaea07	icfalb
BCFAEA	2	bcfaea07_2	icfalb_2
BCFAEA	3	bcfaea07_3	icfalb_3
BCFAEA	4	bcfaea08	icfalg
BCFAEA	5	bcfaea08_2	icfalg_2
BCFAEA	6	bcfaea08_3	icfalg_3
BCFAEA	7	bcfaea09	icfalp
BCFAEA	8	bcfaea09_2	icfalp_2
BCFAEA	9	bcfaea09_3	icfalp_3
BCFAEA	10	icfals
BCFAEA	11	bcfaea10_2	icfals_2
BCFAEA	12	bcfaea10_3	icfals_3
BCFAEA	13	bcfaea11	icfalv
BCFAEA	14	bcfaea11_2	icfalv_2
BCFAEA	15	bcfaea11_3	icfalv_3
BCFAEB	16	bcfaea12	icfamb
BCFAEB	17	bcfaea12_2	icfamb_2
BCFAEB	18	bcfaea12_3	icfamb_3
BCFAEB	19	bcfaea13	icfamg
BCFAEB	20	bcfaea13_2	icfamg_2
BCFAEB	21	bcfaea13_3	icfamg_3
BCFAEB	22	bcfaea14	icfamp
BCFAEB	23	bcfaea14_2	icfamp_2
BCFAEB	24	bcfaea14_3	icfamp_3
BCFAEB	25	bcfaea15	icfams
BCFAEB	26	bcfaea15_2	icfams_2
BCFAEB	27	bcfaea15_3	icfams_3
BCFAEB	28	bcfaea16	icfamv
BCFAEB	29	bcfaea16_2	icfamv_2
BCFAEB	30	bcfaea16_3	icfamv_3
BCFAEC	01	bcfaea01	icfahb
BCFAEC	2	bcfaea01_2	icfahb_2
BCFAEC	3	bcfaea01_3	icfahb_3
BCFAEC	4	bcfaea02	icfahg
BCFAEC	5	bcfaea02_2	icfahg_2
BCFAEC	6	bcfaea02_3	icfahg_3
BCFAEC	7	bcfaea03	icfahh
BCFAEC	8	bcfaea03_2	icfahh_2
BCFAEC	9	bcfaea03_3	icfahh_3
BCFAEC	10	bcfaea04	icfahp
BCFAEC	11	bcfaea04_2	icfahp_2
BCFAEC	12	bcfaea04_3	icfahp_3
BCFAEC	13	bcfaea05	icfahs
BCFAEC	14	bcfaea05_2	icfahs_2
BCFAEC	15	bcfaea05_3	icfahs_3
BCFAEC	16	bcfaea06	icfahv
BCFAEC	17	bcfaea06_2	icfahv_2
BCFAEC	18	bcfaea06_3	icfahv_3
BCFAED	1	bcfaea17	icfacb
BCFAED	2	bcfaea17_2	icfacb_2
BCFAED	3	bcfaea17_3	icfacb_3
BCFAED	4	bcfaea18	icfacg
BCFAED	5	bcfaea18_2	icfacg_2
BCFAED	6	bcfaea18_3	icfacg_3
BCFAED	7	bcfaea19	icfacp
BCFAED	8	bcfaea19_2	icfacp_2
BCFAED	9	bcfaea19_3	icfacp_3
BCFAED	10	bcfaea20	icfacs
BCFAED	11	bcfaea20_2	icfacs_2
BCFAED	12	bcfaea20_3	icfacs_3
BCFAED	13	bcfaea21	icfacv
BCFAED	14	bcfaea21_2	icfacv_2
BCFAED	15	bcfaea21_3	icfacv_3
BCFJCA	01	
BCFJCA	02	
BCFJCA	03	
BCFJCA	04	
BCFJCA	05	
BCFJCA	06	
BCFJCA	07	
BCFJCA	08	
BCFJCA	09	
BCFJCA	10	
BCFJCA	11	
BCFJCA	12	
BCFJCA	13	
BCFJCA	14	
BCFJCA	15	
BCFJCA	16	
BCFJCA	17	
BCFJCA	18	
BCFJCA	19	
BCFJCA	20	
BCFJCA	21	
BCFJCA	22	
BCFJCA	23	
BCFJCA	24	
BCFJCA	25	
BCFJEA	1	icfja
BCFJEA	2	bcfjea01_2	icfja_2
BCFJEA	3	bcfjea01_3	icfja_3
BCFJEA	4	bcfjea02	icfjb
BCFJEA	5	bcfjea02_2	icfjb_2
BCFJEA	6	bcfjea02_3	icfjb_3
BCFJEA	7	bcfjea03	icfjd
BCFJEA	8	bcfjea03_2	icfjd_2
BCFJEA	9	bcfjea03_3	icfjd_3
BCFJEA	10	bcfjea04	icfje
BCFJEA	11	bcfjea04_2	icfje_2
BCFJEA	12	bcfjea04_3	icfje_3
BCFJEA	13	bcfjea05	icfjp
BCFJEA	14	bcfjea05_2	icfjp_2
BCFJEA	15	bcfjea05_3	icfjp_3
BCFJEA	16	bcfjea06	icfjr
BCFJEA	17	bcfjea06_2	icfjr_2
BCFJEA	18	bcfjea06_3	icfjr_3
BCFMCA	01	
BCFMCA	02	
BCFMCA	03	
BCFMCA	04	
BCFMCA	05	
BCFMCA	06	
BCFMCA	07	
BCFMCA	08	
BCFMCA	09	
BCFMCA	10	
BCFMCA	11	
BCFMCA	12	
BCFMCA	13	
BCFMCA	14	
BCFMCA	15	
BCFMCA	16	
BCFMCA	17	
BCFMCA	18	
BCFMCA	19	
BCFMCA	20	
BCFMCA	21	
BCFMCA	22	
BCFMCA	23	
BCFMCA	24	
BCFMCA	25	
BCFMEA	01	icfm2sa
BCFMEA	2	bcfmea01_2	icfm2sa_2
BCFMEA	3	bcfmea01_3	icfm2sa_3
BCFMEA	4	bcfmea02	icfm2pp
BCFMEA	5	bcfmea02_2	icfm2pp_2
BCFMEA	6	bcfmea02_3	icfm2pp_3
BCFMEA	7	bcfmea03	icfm2bm
BCFMEA	8	bcfmea03_2	icfm2bm_2
BCFMEA	9	bcfmea03_3	icfm2bm_3
BCFMEA	10	bcfmea04	icfm2ss
BCFMEA	11	bcfmea04_2	icfm2ss_2
BCFMEA	12	bcfmea04_3	icfm2ss_3
BCFMEA	13	bcfmea05	icfm1sa
BCFMEA	14	bcfmea05_2	icfm1sa_2
BCFMEA	15	bcfmea05_3	icfm1sa_3
BCFMEA	16	bcfmea06	icfm1pd
BCFMEA	17	bcfmea06_2	icfm1pd_2
BCFMEA	18	bcfmea06_3	icfm1pd_3
BCFMEA	19	bcfmea07	icfm1ps
BCFMEA	20	bcfmea07_2	icfm1ps_2
BCFMEA	21	bcfmea07_3	icfm1ps_3
BCFMEA	22	bcfmea08	icfm1bm
BCFMEA	23	bcfmea08_2	icfm1bm_2
BCFMEA	24	bcfmea08_3	icfm1bm_3
BCFMEA	25	bcfmea09	icfm1bs
BCFMEA	26	bcfmea09_2	icfm1bs_2
BCFMEA	27	bcfmea09_3	icfm1bs_3
BCFMEA	28	bcfmea10	icfm1ss
BCFMEA	29	bcfmea10_2	icfm1ss_2
BCFMEA	30	bcfmea10_3	icfm1ss_3
BCFMEA	31	bcfmea11	icfm1sab
BCFMEA	32	bcfmea12	icfm2ssb
BCFMEA	33	bcfmea13	icfm2sab
BCFMEA	34	bcfmea15	icfm2ms
BCFMEA	35	bcfmea15_2	icfm2ms_2
BCFMEA	36	bcfmea15_3	icfm2ms_3
BCFPCA	01	
BCFPCA	02	
BCFPCA	03	
BCFPCA	04	
BCFPCA	05	
BCFPCA	06	
BCFPCA	07	
BCFPCA	08	
BCFPCA	09	
BCFPCA	10	
BCFPCA	11	
BCFPCA	12	
BCFPCA	13	
BCFPCA	14	
BCFPCA	15	
BCFPCA	16	
BCFPCA	17	
BCFPCA	18	
BCFPCA	19	
BCFPCA	20	
BCFPCA	21	
BCFPCA	22	
BCFPCA	23	
BCFPCA	24	
BCFPCA	25	
BCFPEA	01	icfp2ab
BCFPEA	02	icfp2ap
BCFPEA	03	icfp2as
BCFPEA	04	icfp2bb
BCFPEA	05	icfp2bp
BCFPEA	06	icfp2bs
BCFPEA	10	icfp2lb
BCFPEA	11	icfp2lp
BCFPEA	12	icfp2ls
BCFPEA	13	icfp1bb
BCFPEA	14	icfp1bp
BCFPEA	15	icfp1bs
BCFPEA	16	icfp1pb
BCFPEA	17	icfp1pp
BCFPEA	18	icfp1ps
BCFPEA	19	icfp2rb
BCFPEA	20	icfp2rp
BCFPEA	21	icfp2rs
BCFRCA	01	
BCFRCA	02	
BCFRCA	03	
BCFRCA	04	
BCFRCA	05	
BCFRCA	06	
BCFRCA	07	
BCFRCA	08	
BCFRCA	09	
BCFRCA	10	
BCFRCA	11	
BCFRCA	12	
BCFRCA	13	
BCFRCA	14	
BCFRCA	15	
BCFRCA	16	
BCFRCA	17	
BCFRCA	18	
BCFRCA	19	
BCFRCA	20	
BCFRCA	21	
BCFRCA	22	
BCFRCA	23	
BCFRCA	24	
BCFRCA	25	
BCFREA	01	icfr2a
BCFREA	2	bcfrea01_2	icfr2a_2
BCFREA	3	bcfrea01_3	icfr2a_3
BCFREA	4	bcfrea02	icfr2b
BCFREA	5	bcfrea02_2	icfr2b_2
BCFREA	6	bcfrea02_3	icfr2b_3
BCFREA	7	bcfrea03	icfr2l
BCFREA	8	bcfrea03_2	icfr2l_2
BCFREA	9	bcfrea03_3	icfr2l_3
BCFREA	10	bcfrea04	icfr1p
BCFREA	11	bcfrea04_2	icfr1p_2
BCFREA	12	bcfrea04_3	icfr1p_3
BCFREA	13	bcfrea05	icfr1b
BCFREA	14	bcfrea05_2	icfr1b_2
BCFREA	15	bcfrea05_3	icfr1b_3
BCFREA	16	bcfrea06	icfr2r
BCFREA	17	bcfrea06_2	icfr2r_2
BCFREA	18	bcfrea06_3	icfr2r_3
BCFREA	19	bcfrea07	icfr2ab
BCFREA	20	bcfrea08	icfr2lb
BCFSCA	01	
BCFSCA	02	
BCFSCA	03	
BCFSCA	04	
BCFSCA	05	
BCFSCA	06	
BCFSCA	07	
BCFSCA	08	
BCFSCA	09	
BCFSCA	10	
BCFSCA	11	
BCFSCA	12	
BCFSCA	13	
BCFSCA	14	
BCFSCA	15	
BCFSCA	16	
BCFSCA	17	
BCFSCA	18	
BCFSCA	19	
BCFSCA	20	
BCFSCA	21	
BCFSCA	22	
BCFSCA	23	
BCFSCA	24	
BCFSCA	25	
BCFSEA	01	icfsb
BCFSEA	2	bcfsea01_2	icfsb_2
BCFSEA	3	bcfsea01_3	icfsb_3
BCFSEA	4	bcfsea02	icfss
BCFSEA	5	bcfsea02_2	icfss_2
BCFSEA	6	bcfsea02_3	icfss_3
BCFSEA	7	bcfsea03	icfsbb
BCFTCA	01	
BCFTCA	02	
BCFTCA	03	
BCFTCA	04	
BCFTCA	05	
BCFTCA	06	
BCFTCA	07	
BCFTCA	08	
BCFTCA	09	
BCFTCA	10	
BCFTCA	11	
BCFTCA	12	
BCFTCA	13	
BCFTCA	14	
BCFTCA	15	
BCFTCA	16	
BCFTCA	17	
BCFTCA	18	
BCFTCA	19	
BCFTCA	20	
BCFTCA	21	
BCFTCA	22	
BCFTCA	23	
BCFTCA	24	
BCFTCA	25	
BCKAMBCA	01	
BCKAMBCA	02	
BCKAMBCA	03	
BCKAMBCA	04	
BCKAMBCA	05	
BCKAMBCA	06	
BCKAMBCA	07	
BCKAMBCA	08	
BCKAMBCA	09	
BCKAMBCA	10	
BCKAMBCA	11	
BCKAMBCA	12	
BCKAMBCA	13	
BCKAMBCA	14	
BCKAMBCA	15	
BCKAMBCA	16	
BCKAMBCA	17	
BCKAMBCA	18	
BCKAMBCA	19	
BCKAMBCA	20	
BCKAMBCA	21	
BCKAMBCA	22	
BCKAMBCA	23	
BCKAMBCA	24	
BCKAMBCA	25	
BCKAMMI	1	bckammi_ep2_small_root_piece	ep2_small_root_piece
BCKAMMI	2	bckammi_ep2_large_root_piece	ep2_large_root_piece
BCKAMMI	3	bckammi_ep2_small_trunk	ep2_small_trunk
BCKAMMI	4	bckammi_ep2_large_trunk	ep2_large_trunk
BCKAMMI	5	bckammi_ep2_small_fibers	ep2_small_fibers
BCKAMMI	6	bckammi_ep2_large_fibers	ep2_large_fibers
BCKAMMI	7	bckammi_ep2_small_bark_splinter	ep2_small_bark_splinter
BCKAMMI	8	bckammi_ep2_large_bark_splinter	ep2_large_bark_splinter
BCKAMMI	9	bckammi_ep2_small_moss_patch	ep2_small_moss_patch
BCKAMMI	10	bckammi_ep2_large_moss_patch	ep2_large_moss_patch
BCKAMMI	11	bckammi_ep2_small_bud	ep2_small_bud
BCKAMMI	12	bckammi_ep2_large_bud	ep2_large_bud
BCKAMMI	13	bckammi_ep2_min_symbol_part	ep2_minor_symbol_part
BCKAMMI	14	bckammi_ep2_maj_symbol_part	ep2_major_symbol_part
BCKAMMI	15	bckammi_ep2_min_maduk_core	ep2_minor_maduk_core
BCKAMMI	16	bckammi_ep2_maj_maduk_core	ep2_major_maduk_core
BCKARBCA	01	
BCKARBCA	02	
BCKARBCA	03	
BCKARBCA	04	
BCKARBCA	05	
BCKARBCA	06	
BCKARBCA	07	
BCKARBCA	08	
BCKARBCA	09	
BCKARBCA	10	
BCKARBCA	11	
BCKARBCA	12	
BCKARBCA	13	
BCKARBCA	14	
BCKARBCA	15	
BCKARBCA	16	
BCKARBCA	17	
BCKARBCA	18	
BCKARBCA	19	
BCKARBCA	20	
BCKARBCA	21	
BCKARBCA	22	
BCKARBCA	23	
BCKARBCA	24	
BCKARBCA	25	
BCKARMI	1	bckarmi_ep2_min_pedestal	ep2_minor_pedestal
BCKARMI	2	bckarmi_ep2_maj_pedestal	ep2_major_pedestal
BCKARMI	3	bckarmi_ep2_min_column	ep2_minor_column
BCKARMI	4	bckarmi_ep2_maj_column	ep2_major_column
BCKARMI	5	bckarmi_ep2_small_conglomerate	ep2_small_conglomerate
BCKARMI	6	bckarmi_ep2_large_conglomerate	ep2_large_conglomerate
BCKARMI	7	bckarmi_ep2_low_brick	ep2_low_brick
BCKARMI	8	bckarmi_ep2_high_brick	ep2_high_brick
BCKARMI	9	bckarmi_ep2_small_patch_cover	ep2_small_patch_cover
BCKARMI	10	bckarmi_ep2_large_patch_cover	ep2_large_patch_cover
BCKARMI	11	bckarmi_ep2_min_ornament	ep2_minor_ornament
BCKARMI	12	bckarmi_ep2_maj_ornament	ep2_major_ornament
BCKARMI	13	bckarmi_ep2_min_statue_part	ep2_minor_statue_part
BCKARMI	14	bckarmi_ep2_maj_statue_part	ep2_major_statue_part
BCKARMI	15	bckarmi_ep2_min_justice_column	ep2_minor_justice_column
BCKARMI	16	bckarmi_ep2_maj_justice_column	ep2_major_justice_column
BCMACA	01	
BCMACA	02	
BCMACA	03	
BCMACA	04	
BCMACA	05	
BCMACA	06	
BCMACA	07	
BCMACA	08	
BCMACA	09	
BCMACA	10	
BCMACA	11	
BCMACA	12	
BCMACA	13	
BCMACA	14	
BCMACA	15	
BCMACA	16	
BCMACA	17	
BCMACA	18	
BCMACA	19	
BCMACA	20	
BCMACA	21	
BCMACA	22	
BCMACA	23	
BCMACA	24	
BCMACA	25	
BCMAEA	1	bcmaea07	icmalb
BCMAEA	2	bcmaea07_2	icmalb_2
BCMAEA	3	bcmaea07_3	icmalb_3
BCMAEA	4	bcmaea08	icmalg
BCMAEA	5	bcmaea08_2	icmalg_2
BCMAEA	6	bcmaea08_3	icmalg_3
BCMAEA	7	bcmaea09	icmalp
BCMAEA	8	bcmaea09_2	icmalp_2
BCMAEA	9	bcmaea09_3	icmalp_3
BCMAEA	10	icmals
BCMAEA	11	bcmaea10_2	icmals_2
BCMAEA	12	bcmaea10_3	icmals_3
BCMAEA	13	bcmaea11	icmalv
BCMAEA	14	bcmaea11_2	icmalv_2
BCMAEA	15	bcmaea11_3	icmalv_3
BCMAEB	1	bcmaea12	icmamb
BCMAEB	2	bcmaea12_2	icmamb_2
BCMAEB	3	bcmaea12_3	icmamb_3
BCMAEB	4	bcmaea13	icmamg
BCMAEB	5	bcmaea13_2	icmamg_2
BCMAEB	6	bcmaea13_3	icmamg_3
BCMAEB	7	bcmaea14	icmamp
BCMAEB	8	bcmaea14_2	icmamp_2
BCMAEB	9	bcmaea14_3	icmamp_3
BCMAEB	10	bcmaea15	icmams
BCMAEB	11	bcmaea15_2	icmams_2
BCMAEB	12	bcmaea15_3	icmams_3
BCMAEB	13	bcmaea16	icmamv
BCMAEB	14	bcmaea16_2	icmamv_2
BCMAEB	15	bcmaea16_3	icmamv_3
BCMAEC	01	bcmaea01	icmahb
BCMAEC	2	bcmaea01_2	icmahb_2
BCMAEC	3	bcmaea01_3	icmahb_3
BCMAEC	4	bcmaea02	icmahg
BCMAEC	5	bcmaea02_2	icmahg_2
BCMAEC	6	bcmaea02_3	icmahg_3
BCMAEC	7	bcmaea03	icmahh
BCMAEC	8	bcmaea03_2	icmahh_2
BCMAEC	9	bcmaea03_3	icmahh_3
BCMAEC	10	bcmaea04	icmahp
BCMAEC	11	bcmaea04_2	icmahp_2
BCMAEC	12	bcmaea04_3	icmahp_3
BCMAEC	13	bcmaea05	icmahs
BCMAEC	14	bcmaea05_2	icmahs_2
BCMAEC	15	bcmaea05_3	icmahs_3
BCMAEC	16	bcmaea06	icmahv
BCMAEC	17	bcmaea06_2	icmahv_2
BCMAEC	18	bcmaea06_3	icmahv_3
BCMAED	1	bcmaea17	icmacb
BCMAED	2	bcmaea17_2	icmacb_2
BCMAED	3	bcmaea17_3	icmacb_3
BCMAED	4	bcmaea18	icmacg
BCMAED	5	bcmaea18_2	icmacg_2
BCMAED	6	bcmaea18_3	icmacg_3
BCMAED	7	bcmaea19	icmacp
BCMAED	8	bcmaea19_2	icmacp_2
BCMAED	9	bcmaea19_3	icmacp_3
BCMAED	10	bcmaea20	icmacs
BCMAED	11	bcmaea20_2	icmacs_2
BCMAED	12	bcmaea20_3	icmacs_3
BCMAED	13	bcmaea21	icmacv
BCMAED	14	bcmaea21_2	icmacv_2
BCMAED	15	bcmaea21_3	icmacv_3
BCMJCA	01	
BCMJCA	02	
BCMJCA	03	
BCMJCA	04	
BCMJCA	05	
BCMJCA	06	
BCMJCA	07	
BCMJCA	08	
BCMJCA	09	
BCMJCA	10	
BCMJCA	11	
BCMJCA	12	
BCMJCA	13	
BCMJCA	14	
BCMJCA	15	
BCMJCA	16	
BCMJCA	17	
BCMJCA	18	
BCMJCA	19	
BCMJCA	20	
BCMJCA	21	
BCMJCA	22	
BCMJCA	23	
BCMJCA	24	
BCMJCA	25	
BCMJEA	1	icmja
BCMJEA	2	bcmjea01_2	icmja_2
BCMJEA	3	bcmjea01_3	icmja_3
BCMJEA	4	bcmjea02	icmjb
BCMJEA	5	bcmjea02_2	icmjb_2
BCMJEA	6	bcmjea02_3	icmjb_3
BCMJEA	7	bcmjea03	icmjd
BCMJEA	8	bcmjea03_2	icmjd_2
BCMJEA	9	bcmjea03_3	icmjd_3
BCMJEA	10	bcmjea04	icmje
BCMJEA	11	bcmjea04_2	icmje_2
BCMJEA	12	bcmjea04_3	icmje_3
BCMJEA	13	bcmjea05	icmjp
BCMJEA	14	bcmjea05_2	icmjp_2
BCMJEA	15	bcmjea05_3	icmjp_3
BCMJEA	16	bcmjea06	icmjr
BCMJEA	17	bcmjea06_2	icmjr_2
BCMJEA	18	bcmjea06_3	icmjr_3
BCMMCA	01	
BCMMCA	02	
BCMMCA	03	
BCMMCA	04	
BCMMCA	05	
BCMMCA	06	
BCMMCA	07	
BCMMCA	08	
BCMMCA	09	
BCMMCA	10	
BCMMCA	11	
BCMMCA	12	
BCMMCA	13	
BCMMCA	14	
BCMMCA	15	
BCMMCA	16	
BCMMCA	17	
BCMMCA	18	
BCMMCA	19	
BCMMCA	20	
BCMMCA	21	
BCMMCA	22	
BCMMCA	23	
BCMMCA	24	
BCMMCA	25	
BCMMEA	01	icmm2sa
BCMMEA	2	bcmmea01_2	icmm2sa_2
BCMMEA	3	bcmmea01_3	icmm2sa_3
BCMMEA	4	bcmmea02	icmm2pp
BCMMEA	5	bcmmea02_2	icmm2pp_2
BCMMEA	6	bcmmea02_3	icmm2pp_3
BCMMEA	7	bcmmea03	icmm2bm
BCMMEA	8	bcmmea03_2	icmm2bm_2
BCMMEA	9	bcmmea03_3	icmm2bm_3
BCMMEA	10	bcmmea04	icmm2ss
BCMMEA	11	bcmmea04_2	icmm2ss_2
BCMMEA	12	bcmmea04_3	icmm2ss_3
BCMMEA	13	bcmmea05	icmm1sa
BCMMEA	14	bcmmea05_2	icmm1sa_2
BCMMEA	15	bcmmea05_3	icmm1sa_3
BCMMEA	16	bcmmea06	icmm1pd
BCMMEA	17	bcmmea06_2	icmm1pd_2
BCMMEA	18	bcmmea06_3	icmm1pd_3
BCMMEA	19	bcmmea07	icmm1ps
BCMMEA	20	bcmmea07_2	icmm1ps_2
BCMMEA	21	bcmmea07_3	icmm1ps_3
BCMMEA	22	bcmmea08	icmm1bm
BCMMEA	23	bcmmea08_2	icmm1bm_2
BCMMEA	24	bcmmea08_3	icmm1bm_3
BCMMEA	25	bcmmea09	icmm1bs
BCMMEA	26	bcmmea09_2	icmm1bs_2
BCMMEA	27	bcmmea09_3	icmm1bs_3
BCMMEA	28	bcmmea10	icmm1ss
BCMMEA	29	bcmmea10_2	icmm1ss_2
BCMMEA	30	bcmmea10_3	icmm1ss_3
BCMMEA	31	bcmmea11	icmm1pdl
BCMMEA	32	bcmmea12	icmm2ssl
BCMMEA	33	bcmmea13	icmm2ppl
BCMMEA	34	bcmmea14	icmm1psl
BCMMEA	35	bcmmea15	icmm2ms
BCMMEA	36	bcmmea15_2	icmm2ms_2
BCMMEA	37	bcmmea15_3	icmm2ms_3
BCMPCA	01	
BCMPCA	02	
BCMPCA	03	
BCMPCA	04	
BCMPCA	05	
BCMPCA	06	
BCMPCA	07	
BCMPCA	08	
BCMPCA	09	
BCMPCA	10	
BCMPCA	11	
BCMPCA	12	
BCMPCA	13	
BCMPCA	14	
BCMPCA	15	
BCMPCA	16	
BCMPCA	17	
BCMPCA	18	
BCMPCA	19	
BCMPCA	20	
BCMPCA	21	
BCMPCA	22	
BCMPCA	23	
BCMPCA	24	
BCMPCA	25	
BCMPEA	01	icmp2ab
BCMPEA	02	icmp2ap
BCMPEA	03	icmp2as
BCMPEA	04	icmp2bb
BCMPEA	05	icmp2bp
BCMPEA	06	icmp2bs
BCMPEA	10	icmp2lb
BCMPEA	11	icmp2lp
BCMPEA	12	icmp2ls
BCMPEA	13	icmp1bb
BCMPEA	14	icmp1bp
BCMPEA	15	icmp1bs
BCMPEA	16	icmp1pb
BCMPEA	17	icmp1pp
BCMPEA	18	icmp1ps
BCMPEA	19	icmp2rb
BCMPEA	20	icmp2rp
BCMPEA	21	icmp2rs
BCMRCA	01	
BCMRCA	02	
BCMRCA	03	
BCMRCA	04	
BCMRCA	05	
BCMRCA	06	
BCMRCA	07	
BCMRCA	08	
BCMRCA	09	
BCMRCA	10	
BCMRCA	11	
BCMRCA	12	
BCMRCA	13	
BCMRCA	14	
BCMRCA	15	
BCMRCA	16	
BCMRCA	17	
BCMRCA	18	
BCMRCA	19	
BCMRCA	20	
BCMRCA	21	
BCMRCA	22	
BCMRCA	23	
BCMRCA	24	
BCMRCA	25	
BCMREA	01	icmr2a
BCMREA	2	bcmrea01_2	icmr2a_2
BCMREA	3	bcmrea01_3	icmr2a_3
BCMREA	4	bcmrea02	icmr2b
BCMREA	5	bcmrea02_2	icmr2b_2
BCMREA	6	bcmrea02_3	icmr2b_3
BCMREA	7	bcmrea03	icmr2l
BCMREA	8	bcmrea03_2	icmr2l_2
BCMREA	9	bcmrea03_3	icmr2l_3
BCMREA	10	bcmrea04	icmr1p
BCMREA	11	bcmrea04_2	icmr1p_2
BCMREA	12	bcmrea04_3	icmr1p_3
BCMREA	13	bcmrea05	icmr1b
BCMREA	14	bcmrea05_2	icmr1b_2
BCMREA	15	bcmrea05_3	icmr1b_3
BCMREA	16	bcmrea06	icmr2r
BCMREA	17	bcmrea06_2	icmr2r_2
BCMREA	18	bcmrea06_3	icmr2r_3
BCMREA	19	bcmrea07	icmr1pl
BCMREA	20	bcmrea08	icmr2rl
BCMSCA	01	
BCMSCA	02	
BCMSCA	03	
BCMSCA	04	
BCMSCA	05	
BCMSCA	06	
BCMSCA	07	
BCMSCA	08	
BCMSCA	09	
BCMSCA	10	
BCMSCA	11	
BCMSCA	12	
BCMSCA	13	
BCMSCA	14	
BCMSCA	15	
BCMSCA	16	
BCMSCA	17	
BCMSCA	18	
BCMSCA	19	
BCMSCA	20	
BCMSCA	21	
BCMSCA	22	
BCMSCA	23	
BCMSCA	24	
BCMSCA	25	
BCMSEA	01	icmsb
BCMSEA	2	bcmsea01_2	icmsb_2
BCMSEA	3	bcmsea01_3	icmsb_3
BCMSEA	4	bcmsea02	icmss
BCMSEA	5	bcmsea02_2	icmss_2
BCMSEA	6	bcmsea02_3	icmss_3
BCMSEA	7	bcmsea03	icmsbl
BCMTCA	01	
BCMTCA	02	
BCMTCA	03	
BCMTCA	04	
BCMTCA	05	
BCMTCA	06	
BCMTCA	07	
BCMTCA	08	
BCMTCA	09	
BCMTCA	10	
BCMTCA	11	
BCMTCA	12	
BCMTCA	13	
BCMTCA	14	
BCMTCA	15	
BCMTCA	16	
BCMTCA	17	
BCMTCA	18	
BCMTCA	19	
BCMTCA	20	
BCMTCA	21	
BCMTCA	22	
BCMTCA	23	
BCMTCA	24	
BCMTCA	25	
BCOA	01	
BCOA	02	
BCOA	03	
BCOA	04	
BCOA	05	
BCOA	06	
BCOA	07	
BCOA	08	
BCOA	09	
BCOA	10	
BCOA	11	
BCOA	12	
BCOA	13	
BCOA	14	
BCOA	15	
BCOA	16	
BCOA	17	
BCOA	18	
BCOA	19	
BCOA	20	
BCOA	21	
BCOA	22	
BCOA	23	
BCOA	24	
BCOA	25	
BCOB	01	
BCOB	02	
BCOB	03	
BCOB	04	
BCOB	05	
BCOB	06	
BCOB	07	
BCOB	08	
BCOB	09	
BCOB	10	
BCOB	11	
BCOB	12	
BCOB	13	
BCOB	14	
BCOB	15	
BCOB	16	
BCOB	17	
BCOB	18	
BCOB	19	
BCOB	20	
BCOB	21	
BCOB	22	
BCOB	23	
BCOB	24	
BCOB	25	
BCOC	01	
BCOC	02	
BCOC	03	
BCOC	04	
BCOC	05	
BCOC	06	
BCOC	07	
BCOC	08	
BCOC	09	
BCOC	10	
BCOC	11	
BCOC	12	
BCOC	13	
BCOC	14	
BCOC	15	
BCOC	16	
BCOC	17	
BCOC	18	
BCOC	19	
BCOC	20	
BCOC	21	
BCOC	22	
BCOC	23	
BCOC	24	
BCOC	25	
BCOD	01	
BCOD	02	
BCOD	03	
BCOD	04	
BCOD	05	
BCOD	06	
BCOD	07	
BCOD	08	
BCOD	09	
BCOD	10	
BCOD	11	
BCOD	12	
BCOD	13	
BCOD	14	
BCOD	15	
BCOD	16	
BCOD	17	
BCOD	18	
BCOD	19	
BCOD	20	
BCOD	21	
BCOD	22	
BCOD	23	
BCOD	24	
BCOD	25	
BCOKAMM01	1	bcokamem1bm_1	icokamm1bm_1
BCOKAMM01	2	bcokamem1bs_1	icokamm1bs_1
BCOKAMM01	3	bcokamem1pd_1	icokamm1pd_1
BCOKAMM01	4	bcokamem1ps_1	icokamm1ps_1
BCOKAMM01	5	bcokamem1sa_1	icokamm1sa_1
BCOKAMM01	6	bcokamem1ss_1	icokamm1ss_1
BCOKAMM01	7	bcokamem2bm_1	icokamm2bm_1
BCOKAMM01	8	bcokamem2ms_1	icokamm2ms_1
BCOKAMM01	9	bcokamem2pp_1	icokamm2pp_1
BCOKAMM01	10	bcokamem2sa_1	icokamm2sa_1
BCOKAMM01	11	bcokamem2ss_1	icokamm2ss_1
BCOKAMM02	1	bcokamem1bm_2	icokamm1bm_2
BCOKAMM02	2	bcokamem1bs_2	icokamm1bs_2
BCOKAMM02	3	bcokamem1pd_2	icokamm1pd_2
BCOKAMM02	4	bcokamem1ps_2	icokamm1ps_2
BCOKAMM02	5	bcokamem1sa_2	icokamm1sa_2
BCOKAMM02	6	bcokamem1ss_2	icokamm1ss_2
BCOKAMM02	7	bcokamem2bm_2	icokamm2bm_2
BCOKAMM02	8	bcokamem2ms_2	icokamm2ms_2
BCOKAMM02	9	bcokamem2pp_2	icokamm2pp_2
BCOKAMM02	10	bcokamem2sa_2	icokamm2sa_2
BCOKAMM02	11	bcokamem2ss_2	icokamm2ss_2
BCOKAMR01	1	bcokamer1b_1	icokamr1b_1
BCOKAMR01	2	bcokamer1p_1	icokamr1p_1
BCOKAMR01	3	bcokamer2a_1	icokamr2a_1
BCOKAMR01	4	bcokamer2b_1	icokamr2b_1
BCOKAMR01	5	bcokamer2l_1	icokamr2l_1
BCOKAMR01	6	bcokamer2r_1	icokamr2r_1
BCOKAMR02	1	bcokamer1b_2	icokamr1b_2
BCOKAMR02	2	bcokamer1p_2	icokamr1p_2
BCOKAMR02	3	bcokamer2a_2	icokamr2a_2
BCOKAMR02	4	bcokamer2b_2	icokamr2b_2
BCOKAMR02	5	bcokamer2l_2	icokamr2l_2
BCOKAMR02	6	bcokamer2r_2	icokamr2r_2
BCOKAMT01	1	bcokametammo_1	icokamtammo_1
BCOKAMT01	2	bcokametarmor_1	icokamtarmor_1
BCOKAMT01	3	bcokametjewel_1	icokamtjewel_1
BCOKAMT01	4	bcokametmwea_1	icokamtmwea_1
BCOKAMT01	5	bcokametrwea_1	icokamtrwea_1
BCOKAMT01	6	bcokametforage_1	icokamtforage_1
BCOKAMT02	1	bcokametammo_2	icokamtammo_2
BCOKAMT02	2	bcokametarmor_2	icokamtarmor_2
BCOKAMT02	3	bcokametjewel_2	icokamtjewel_2
BCOKAMT02	4	bcokametmwea_2	icokamtmwea_2
BCOKAMT02	5	bcokametrwea_2	icokamtrwea_2
BCOKAMT02	6	bcokametforage_2	icokamtforage_2
BCOKARM01	1	bcokarem1bm_1	icokarm1bm_1
BCOKARM01	2	bcokarem1bs_1	icokarm1bs_1
BCOKARM01	3	bcokarem1pd_1	icokarm1pd_1
BCOKARM01	4	bcokarem1ps_1	icokarm1ps_1
BCOKARM01	5	bcokarem1sa_1	icokarm1sa_1
BCOKARM01	6	bcokarem1ss_1	icokarm1ss_1
BCOKARM01	7	bcokarem2bm_1	icokarm2bm_1
BCOKARM01	8	bcokarem2ms_1	icokarm2ms_1
BCOKARM01	9	bcokarem2pp_1	icokarm2pp_1
BCOKARM01	10	bcokarem2sa_1	icokarm2sa_1
BCOKARM01	11	bcokarem2ss_1	icokarm2ss_1
BCOKARM02	1	bcokarem1bm_2	icokarm1bm_2
BCOKARM02	2	bcokarem1bs_2	icokarm1bs_2
BCOKARM02	3	bcokarem1pd_2	icokarm1pd_2
BCOKARM02	4	bcokarem1ps_2	icokarm1ps_2
BCOKARM02	5	bcokarem1sa_2	icokarm1sa_2
BCOKARM02	6	bcokarem1ss_2	icokarm1ss_2
BCOKARM02	7	bcokarem2bm_2	icokarm2bm_2
BCOKARM02	8	bcokarem2ms_2	icokarm2ms_2
BCOKARM02	9	bcokarem2pp_2	icokarm2pp_2
BCOKARM02	10	bcokarem2sa_2	icokarm2sa_2
BCOKARM02	11	bcokarem2ss_2	icokarm2ss_2
BCOKARR01	1	bcokarer1b_1	icokarr1b_1
BCOKARR01	2	bcokarer1p_1	icokarr1p_1
BCOKARR01	3	bcokarer2a_1	icokarr2a_1
BCOKARR01	4	bcokarer2b_1	icokarr2b_1
BCOKARR01	5	bcokarer2l_1	icokarr2l_1
BCOKARR01	6	bcokarer2r_1	icokarr2r_1
BCOKARR02	1	bcokarer1b_2	icokarr1b_2
BCOKARR02	2	bcokarer1p_2	icokarr1p_2
BCOKARR02	3	bcokarer2a_2	icokarr2a_2
BCOKARR02	4	bcokarer2b_2	icokarr2b_2
BCOKARR02	5	bcokarer2l_2	icokarr2l_2
BCOKARR02	6	bcokarer2r_2	icokarr2r_2
BCOKART01	1	bcokaretammo_1	icokartammo_1
BCOKART01	2	bcokaretarmor_1	icokartarmor_1
BCOKART01	3	bcokaretjewel_1	icokartjewel_1
BCOKART01	4	bcokaretmwea_1	icokartmwea_1
BCOKART01	5	bcokaretrwea_1	icokartrwea_1
BCOKART01	6	bcokaretforage_1	icokartforage_1
BCOKART02	1	bcokaretammo_2	icokartammo_2
BCOKART02	2	bcokaretarmor_2	icokartarmor_2
BCOKART02	3	bcokaretjewel_2	icokartjewel_2
BCOKART02	4	bcokaretmwea_2	icokartmwea_2
BCOKART02	5	bcokaretrwea_2	icokartrwea_2
BCOKART02	6	bcokaretforage_2	icokartforage_2
BCPA	1	
BCPA	2	
BCPA	3	
BCPA	4	
BCPA	5	
BCPA	6	
BCPA	7	
BCPA	8	
BCPA	9	
BCPA	10	
BCPA	11	
BCPA	12	
BCPA	13	
BCPA	14	
BCPA	15	
BCPA	16	
BCPA	17	
BCPA	18	
BCPA	19	
BCPA	20	
BCPA	21	
BCPA	22	
BCPA	23	
BCPA	24	
BCPA	25	
BCPA	26	
BCPA	27	
BCPA	28	
BCPA	29	
BCPA	30	
BCPA	31	
BCPA	32	
BCPA	33	
BCRAEA	01	icraba
BCRAEA	02	icrabe
BCRAEA	03	icrabu
BCRAEA	04	icrabg
BCRAEA	05	icrabr
BCRAEA	06	icrabt
BCRAEA	07	icrabv
BCRAEA	08	icrabw
BCRAEA	09	icrage
BCRAEA	10	icraga
BCRAEA	11	icragu
BCRAEA	12	icragg
BCRAEA	13	icragr
BCRAEA	14	icragt
BCRAEA	15	icragv
BCRAEA	16	icragw
BCRAEA	17	icrape
BCRAEA	18	icrapa
BCRAEA	19	icrapu
BCRAEA	20	icrapg
BCRAEA	21	icrapr
BCRAEA	22	icrapt
BCRAEA	23	icrapv
BCRAEA	24	icrapw
BCRAEA	25	icrase
BCRAEA	26	icrasa
BCRAEA	27	icrasu
BCRAEA	28	icrasg
BCRAEA	29	icrasr
BCRAEA	30	icrast
BCRAEA	31	icrasv
BCRAEA	32	icrasw
BCRAEA	33	icrave
BCRAEA	34	icrava
BCRAEA	35	icravu
BCRAEA	36	icravg
BCRAEA	37	icravr
BCRAEA	38	icravt
BCRAEA	39	icravv
BCRAEA	40	icravw
BCRMEA	12	bcrmea06	icrm1pd
BCRMEA	13	bcrmea10	icrm1ss
BCRMEA	14	bcrmea15	icrm2ms
BCTACA	01	
BCTACA	02	
BCTACA	03	
BCTACA	04	
BCTACA	05	
BCTACA	06	
BCTACA	07	
BCTACA	08	
BCTACA	09	
BCTACA	10	
BCTACA	11	
BCTACA	12	
BCTACA	13	
BCTACA	14	
BCTACA	15	
BCTACA	16	
BCTACA	17	
BCTACA	18	
BCTACA	19	
BCTACA	20	
BCTACA	21	
BCTACA	22	
BCTACA	23	
BCTACA	24	
BCTACA	25	
BCTAEA	1	bctaea07	ictalb
BCTAEA	2	bctaea07_2	ictalb_2
BCTAEA	3	bctaea07_3	ictalb_3
BCTAEA	4	bctaea08	ictalg
BCTAEA	5	bctaea08_2	ictalg_2
BCTAEA	6	bctaea08_3	ictalg_3
BCTAEA	7	bctaea09	ictalp
BCTAEA	8	bctaea09_2	ictalp_2
BCTAEA	9	bctaea09_3	ictalp_3
BCTAEA	10	ictals
BCTAEA	11	bctaea10_2	ictals_2
BCTAEA	12	bctaea10_3	ictals_3
BCTAEA	13	bctaea11	ictalv
BCTAEA	14	bctaea11_2	ictalv_2
BCTAEA	15	bctaea11_3	ictalv_3
BCTAEB	1	bctaea12	ictamb
BCTAEB	2	bctaea12_2	ictamb_2
BCTAEB	3	bctaea12_3	ictamb_3
BCTAEB	4	bctaea13	ictamg
BCTAEB	5	bctaea13_2	ictamg_2
BCTAEB	6	bctaea13_3	ictamg_3
BCTAEB	7	bctaea14	ictamp
BCTAEB	8	bctaea14_2	ictamp_2
BCTAEB	9	bctaea14_3	ictamp_3
BCTAEB	10	bctaea15	ictams
BCTAEB	11	bctaea15_2	ictams_2
BCTAEB	12	bctaea15_3	ictams_3
BCTAEB	13	bctaea16	ictamv
BCTAEB	14	bctaea16_2	ictamv_2
BCTAEB	15	bctaea16_3	ictamv_3
BCTAEC	01	bctaea01	ictahb
BCTAEC	2	bctaea01_2	ictahb_2
BCTAEC	3	bctaea01_3	ictahb_3
BCTAEC	4	bctaea02	ictahg
BCTAEC	5	bctaea02_2	ictahg_2
BCTAEC	6	bctaea02_3	ictahg_3
BCTAEC	7	bctaea03	ictahh
BCTAEC	8	bctaea03_2	ictahh_2
BCTAEC	9	bctaea03_3	ictahh_3
BCTAEC	10	bctaea04	ictahp
BCTAEC	11	bctaea04_2	ictahp_2
BCTAEC	12	bctaea04_3	ictahp_3
BCTAEC	13	bctaea05	ictahs
BCTAEC	14	bctaea05_2	ictahs_2
BCTAEC	15	bctaea05_3	ictahs_3
BCTAEC	16	bctaea06	ictahv
BCTAEC	17	bctaea06_2	ictahv_2
BCTAEC	18	bctaea06_3	ictahv_3
BCTAED	1	bctaea17	ictacb
BCTAED	2	bctaea17_2	ictacb_2
BCTAED	3	bctaea17_3	ictacb_3
BCTAED	4	bctaea18	ictacg
BCTAED	5	bctaea18_2	ictacg_2
BCTAED	6	bctaea18_3	ictacg_3
BCTAED	7	bctaea19	ictacp
BCTAED	8	bctaea19_2	ictacp_2
BCTAED	9	bctaea19_3	ictacp_3
BCTAED	10	bctaea20	ictacs
BCTAED	11	bctaea20_2	ictacs_2
BCTAED	12	bctaea20_3	ictacs_3
BCTAED	13	bctaea21	ictacv
BCTAED	14	bctaea21_2	ictacv_2
BCTAED	15	bctaea21_3	ictacv_3
BCTJCA	01	
BCTJCA	02	
BCTJCA	03	
BCTJCA	04	
BCTJCA	05	
BCTJCA	06	
BCTJCA	07	
BCTJCA	08	
BCTJCA	09	
BCTJCA	10	
BCTJCA	11	
BCTJCA	12	
BCTJCA	13	
BCTJCA	14	
BCTJCA	15	
BCTJCA	16	
BCTJCA	17	
BCTJCA	18	
BCTJCA	19	
BCTJCA	20	
BCTJCA	21	
BCTJCA	22	
BCTJCA	23	
BCTJCA	24	
BCTJCA	25	
BCTJEA	1	ictja
BCTJEA	2	bctjea01_2	ictja_2
BCTJEA	3	bctjea01_3	ictja_3
BCTJEA	4	bctjea02	ictjb
BCTJEA	5	bctjea02_2	ictjb_2
BCTJEA	6	bctjea02_3	ictjb_3
BCTJEA	7	bctjea03	ictjd
BCTJEA	8	bctjea03_2	ictjd_2
BCTJEA	9	bctjea03_3	ictjd_3
BCTJEA	10	bctjea04	ictje
BCTJEA	11	bctjea04_2	ictje_2
BCTJEA	12	bctjea04_3	ictje_3
BCTJEA	13	bctjea05	ictjp
BCTJEA	14	bctjea05_2	ictjp_2
BCTJEA	15	bctjea05_3	ictjp_3
BCTJEA	16	bctjea06	ictjr
BCTJEA	17	bctjea06_2	ictjr_2
BCTJEA	18	bctjea06_3	ictjr_3
BCTMCA	01	
BCTMCA	02	
BCTMCA	03	
BCTMCA	04	
BCTMCA	05	
BCTMCA	06	
BCTMCA	07	
BCTMCA	08	
BCTMCA	09	
BCTMCA	10	
BCTMCA	11	
BCTMCA	12	
BCTMCA	13	
BCTMCA	14	
BCTMCA	15	
BCTMCA	16	
BCTMCA	17	
BCTMCA	18	
BCTMCA	19	
BCTMCA	20	
BCTMCA	21	
BCTMCA	22	
BCTMCA	23	
BCTMCA	24	
BCTMCA	25	
BCTMEA	01	ictm2sa
BCTMEA	2	bctmea01_2	ictm2sa_2
BCTMEA	3	bctmea01_3	ictm2sa_3
BCTMEA	4	bctmea02	ictm2pp
BCTMEA	5	bctmea02_2	ictm2pp_2
BCTMEA	6	bctmea02_3	ictm2pp_3
BCTMEA	7	bctmea03	ictm2bm
BCTMEA	8	bctmea03_2	ictm2bm_2
BCTMEA	9	bctmea03_3	ictm2bm_3
BCTMEA	10	bctmea04	ictm2ss
BCTMEA	11	bctmea04_2	ictm2ss_2
BCTMEA	12	bctmea04_3	ictm2ss_3
BCTMEA	13	bctmea05	ictm1sa
BCTMEA	14	bctmea05_2	ictm1sa_2
BCTMEA	15	bctmea05_3	ictm1sa_3
BCTMEA	16	bctmea06	ictm1pd
BCTMEA	17	bctmea06_2	ictm1pd_2
BCTMEA	18	bctmea06_3	ictm1pd_3
BCTMEA	19	bctmea07	ictm1ps
BCTMEA	20	bctmea07_2	ictm1ps_2
BCTMEA	21	bctmea07_3	ictm1ps_3
BCTMEA	22	bctmea08	ictm1bm
BCTMEA	23	bctmea08_2	ictm1bm_2
BCTMEA	24	bctmea08_3	ictm1bm_3
BCTMEA	25	bctmea09	ictm1bs
BCTMEA	26	bctmea09_2	ictm1bs_2
BCTMEA	27	bctmea09_3	ictm1bs_3
BCTMEA	28	bctmea10	ictm1ss
BCTMEA	29	bctmea10_2	ictm1ss_2
BCTMEA	30	bctmea10_3	ictm1ss_3
BCTMEA	31	bctmea11	ictm2ssw
BCTMEA	32	bctmea12	ictm1pdw
BCTMEA	33	bctmea13	ictm1ssw
BCTMEA	34	bctmea15	ictm2ms
BCTMEA	35	bctmea15_2	ictm2ms_2
BCTMEA	36	bctmea15_3	ictm2ms_3
BCTPCA	01	
BCTPCA	02	
BCTPCA	03	
BCTPCA	04	
BCTPCA	05	
BCTPCA	06	
BCTPCA	07	
BCTPCA	08	
BCTPCA	09	
BCTPCA	10	
BCTPCA	11	
BCTPCA	12	
BCTPCA	13	
BCTPCA	14	
BCTPCA	15	
BCTPCA	16	
BCTPCA	17	
BCTPCA	18	
BCTPCA	19	
BCTPCA	20	
BCTPCA	21	
BCTPCA	22	
BCTPCA	23	
BCTPCA	24	
BCTPCA	25	
BCTPEA	01	ictp2ab
BCTPEA	02	ictp2ap
BCTPEA	03	ictp2as
BCTPEA	04	ictp2bb
BCTPEA	05	ictp2bp
BCTPEA	06	ictp2bs
BCTPEA	10	ictp2lb
BCTPEA	11	ictp2lp
BCTPEA	12	ictp2ls
BCTPEA	13	ictp1bb
BCTPEA	14	ictp1bp
BCTPEA	15	ictp1bs
BCTPEA	16	ictp1pb
BCTPEA	17	ictp1pp
BCTPEA	18	ictp1ps
BCTPEA	19	ictp2rb
BCTPEA	20	ictp2rp
BCTPEA	21	ictp2rs
BCTPEA	22	ictp2hb
BCTPEA	23	ictp2hp
BCTPEA	24	ictp2hs
BCTRCA	01	
BCTRCA	02	
BCTRCA	03	
BCTRCA	04	
BCTRCA	05	
BCTRCA	06	
BCTRCA	07	
BCTRCA	08	
BCTRCA	09	
BCTRCA	10	
BCTRCA	11	
BCTRCA	12	
BCTRCA	13	
BCTRCA	14	
BCTRCA	15	
BCTRCA	16	
BCTRCA	17	
BCTRCA	18	
BCTRCA	19	
BCTRCA	20	
BCTRCA	21	
BCTRCA	22	
BCTRCA	23	
BCTRCA	24	
BCTRCA	25	
BCTREA	01	ictr2a
BCTREA	2	bctrea01_2	ictr2a_2
BCTREA	3	bctrea01_3	ictr2a_3
BCTREA	4	bctrea02	ictr2b
BCTREA	5	bctrea02_2	ictr2b_2
BCTREA	6	bctrea02_3	ictr2b_3
BCTREA	7	bctrea03	ictr2l
BCTREA	8	bctrea03_2	ictr2l_2
BCTREA	9	bctrea03_3	ictr2l_3
BCTREA	10	bctrea04	ictr1p
BCTREA	11	bctrea04_2	ictr1p_2
BCTREA	12	bctrea04_3	ictr1p_3
BCTREA	13	bctrea05	ictr1b
BCTREA	14	bctrea05_2	ictr1b_2
BCTREA	15	bctrea05_3	ictr1b_3
BCTREA	16	bctrea06	ictr2r
BCTREA	17	bctrea06_2	ictr2r_2
BCTREA	18	bctrea06_3	ictr2r_3
BCTREA	19	bctrea08	ictr1bw
BCTSCA	01	
BCTSCA	02	
BCTSCA	03	
BCTSCA	04	
BCTSCA	05	
BCTSCA	06	
BCTSCA	07	
BCTSCA	08	
BCTSCA	09	
BCTSCA	10	
BCTSCA	11	
BCTSCA	12	
BCTSCA	13	
BCTSCA	14	
BCTSCA	15	
BCTSCA	16	
BCTSCA	17	
BCTSCA	18	
BCTSCA	19	
BCTSCA	20	
BCTSCA	21	
BCTSCA	22	
BCTSCA	23	
BCTSCA	24	
BCTSCA	25	
BCTSEA	01	ictsb
BCTSEA	2	bctsea01_2	ictsb_2
BCTSEA	3	bctsea01_3	ictsb_3
BCTSEA	4	bctsea02	ictss
BCTSEA	5	bctsea02_2	ictss_2
BCTSEA	6	bctsea02_3	ictss_3
BCTSEA	7	bctsea03	ictsbw
BCTTCA	01	
BCTTCA	02	
BCTTCA	03	
BCTTCA	04	
BCTTCA	05	
BCTTCA	06	
BCTTCA	07	
BCTTCA	08	
BCTTCA	09	
BCTTCA	10	
BCTTCA	11	
BCTTCA	12	
BCTTCA	13	
BCTTCA	14	
BCTTCA	15	
BCTTCA	16	
BCTTCA	17	
BCTTCA	18	
BCTTCA	19	
BCTTCA	20	
BCTTCA	21	
BCTTCA	22	
BCTTCA	23	
BCTTCA	24	
BCTTCA	25	
BCZACA	01	
BCZACA	02	
BCZACA	03	
BCZACA	04	
BCZACA	05	
BCZACA	06	
BCZACA	07	
BCZACA	08	
BCZACA	09	
BCZACA	10	
BCZACA	11	
BCZACA	12	
BCZACA	13	
BCZACA	14	
BCZACA	15	
BCZACA	16	
BCZACA	17	
BCZACA	18	
BCZACA	19	
BCZACA	20	
BCZACA	21	
BCZACA	22	
BCZACA	23	
BCZACA	24	
BCZACA	25	
BCZAEA	1	bczaea07	iczalb
BCZAEA	2	bczaea07_2	iczalb_2
BCZAEA	3	bczaea07_3	iczalb_3
BCZAEA	4	bczaea08	iczalg
BCZAEA	5	bczaea08_2	iczalg_2
BCZAEA	6	bczaea08_3	iczalg_3
BCZAEA	7	bczaea09	iczalp
BCZAEA	8	bczaea09_2	iczalp_2
BCZAEA	9	bczaea09_3	iczalp_3
BCZAEA	10	iczals
BCZAEA	11	bczaea10_2	iczals_2
BCZAEA	12	bczaea10_3	iczals_3
BCZAEA	13	bczaea11	iczalv
BCZAEA	14	bczaea11_2	iczalv_2
BCZAEA	15	bczaea11_3	iczalv_3
BCZAEB	1	bczaea12	iczamb
BCZAEB	2	bczaea12_2	iczamb_2
BCZAEB	3	bczaea12_3	iczamb_3
BCZAEB	4	bczaea13	iczamg
BCZAEB	5	bczaea13_2	iczamg_2
BCZAEB	6	bczaea13_3	iczamg_3
BCZAEB	7	bczaea14	iczamp
BCZAEB	8	bczaea14_2	iczamp_2
BCZAEB	9	bczaea14_3	iczamp_3
BCZAEB	10	bczaea15	iczams
BCZAEB	11	bczaea15_2	iczams_2
BCZAEB	12	bczaea15_3	iczams_3
BCZAEB	13	bczaea16	iczamv
BCZAEB	14	bczaea16_2	iczamv_2
BCZAEB	15	bczaea16_3	iczamv_3
BCZAEC	01	bczaea01	iczahb
BCZAEC	2	bczaea01_2	iczahb_2
BCZAEC	3	bczaea01_3	iczahb_3
BCZAEC	4	bczaea02	iczahg
BCZAEC	5	bczaea02_2	iczahg_2
BCZAEC	6	bczaea02_3	iczahg_3
BCZAEC	7	bczaea03	iczahh
BCZAEC	8	bczaea03_2	iczahh_2
BCZAEC	9	bczaea03_3	iczahh_3
BCZAEC	10	bczaea04	iczahp
BCZAEC	11	bczaea04_2	iczahp_2
BCZAEC	12	bczaea04_3	iczahp_3
BCZAEC	13	bczaea05	iczahs
BCZAEC	14	bczaea05_2	iczahs_2
BCZAEC	15	bczaea05_3	iczahs_3
BCZAEC	16	bczaea06	iczahv
BCZAEC	17	bczaea06_2	iczahv_2
BCZAEC	18	bczaea06_3	iczahv_3
BCZAED	1	bczaea17	iczacb
BCZAED	2	bczaea17_2	iczacb_2
BCZAED	3	bczaea17_3	iczacb_3
BCZAED	4	bczaea18	iczacg
BCZAED	5	bczaea18_2	iczacg_2
BCZAED	6	bczaea18_3	iczacg_3
BCZAED	7	bczaea19	iczacp
BCZAED	8	bczaea19_2	iczacp_2
BCZAED	9	bczaea19_3	iczacp_3
BCZAED	10	bczaea20	iczacs
BCZAED	11	bczaea20_2	iczacs_2
BCZAED	12	bczaea20_3	iczacs_3
BCZAED	13	bczaea21	iczacv
BCZAED	14	bczaea21_2	iczacv_2
BCZAED	15	bczaea21_3	iczacv_3
BCZJCA	01	
BCZJCA	02	
BCZJCA	03	
BCZJCA	04	
BCZJCA	05	
BCZJCA	06	
BCZJCA	07	
BCZJCA	08	
BCZJCA	09	
BCZJCA	10	
BCZJCA	11	
BCZJCA	12	
BCZJCA	13	
BCZJCA	14	
BCZJCA	15	
BCZJCA	16	
BCZJCA	17	
BCZJCA	18	
BCZJCA	19	
BCZJCA	20	
BCZJCA	21	
BCZJCA	22	
BCZJCA	23	
BCZJCA	24	
BCZJCA	25	
BCZJEA	1	iczja
BCZJEA	2	bczjea01_2	iczja_2
BCZJEA	3	bczjea01_3	iczja_3
BCZJEA	4	bczjea02	iczjb
BCZJEA	5	bczjea02_2	iczjb_2
BCZJEA	6	bczjea02_3	iczjb_3
BCZJEA	7	bczjea03	iczjd
BCZJEA	8	bczjea03_2	iczjd_2
BCZJEA	9	bczjea03_3	iczjd_3
BCZJEA	10	bczjea04	iczje
BCZJEA	11	bczjea04_2	iczje_2
BCZJEA	12	bczjea04_3	iczje_3
BCZJEA	13	bczjea05	iczjp
BCZJEA	14	bczjea05_2	iczjp_2
BCZJEA	15	bczjea05_3	iczjp_3
BCZJEA	16	bczjea06	iczjr
BCZJEA	17	bczjea06_2	iczjr_2
BCZJEA	18	bczjea06_3	iczjr_3
BCZMCA	01	
BCZMCA	02	
BCZMCA	03	
BCZMCA	04	
BCZMCA	05	
BCZMCA	06	
BCZMCA	07	
BCZMCA	08	
BCZMCA	09	
BCZMCA	10	
BCZMCA	11	
BCZMCA	12	
BCZMCA	13	
BCZMCA	14	
BCZMCA	15	
BCZMCA	16	
BCZMCA	17	
BCZMCA	18	
BCZMCA	19	
BCZMCA	20	
BCZMCA	21	
BCZMCA	22	
BCZMCA	23	
BCZMCA	24	
BCZMCA	25	
BCZMEA	01	iczm2sa
BCZMEA	2	bczmea01_2	iczm2sa_2
BCZMEA	3	bczmea01_3	iczm2sa_3
BCZMEA	4	bczmea02	iczm2pp
BCZMEA	5	bczmea02_2	iczm2pp_2
BCZMEA	6	bczmea02_3	iczm2pp_3
BCZMEA	7	bczmea03	iczm2bm
BCZMEA	8	bczmea03_2	iczm2bm_2
BCZMEA	9	bczmea03_3	iczm2bm_3
BCZMEA	10	bczmea04	iczm2ss
BCZMEA	11	bczmea04_2	iczm2ss_2
BCZMEA	12	bczmea04_3	iczm2ss_3
BCZMEA	13	bczmea05	iczm1sa
BCZMEA	14	bczmea05_2	iczm1sa_2
BCZMEA	15	bczmea05_3	iczm1sa_3
BCZMEA	16	bczmea06	iczm1pd
BCZMEA	17	bczmea06_2	iczm1pd_2
BCZMEA	18	bczmea06_3	iczm1pd_3
BCZMEA	19	bczmea07	iczm1ps
BCZMEA	20	bczmea07_2	iczm1ps_2
BCZMEA	21	bczmea07_3	iczm1ps_3
BCZMEA	22	bczmea08	iczm1bm
BCZMEA	23	bczmea08_2	iczm1bm_2
BCZMEA	24	bczmea08_3	iczm1bm_3
BCZMEA	25	bczmea09	iczm1bs
BCZMEA	26	bczmea09_2	iczm1bs_2
BCZMEA	27	bczmea09_3	iczm1bs_3
BCZMEA	28	bczmea10	iczm1ss
BCZMEA	29	bczmea10_2	iczm1ss_2
BCZMEA	30	bczmea10_3	iczm1ss_3
BCZMEA	31	bczmea11	iczm1pse
BCZMEA	32	bczmea12	iczm2bme
BCZMEA	33	bczmea13	iczm1bme
BCZMEA	34	bczmea15	iczm2ms
BCZMEA	35	bczmea15_2	iczm2ms_2
BCZMEA	36	bczmea15_3	iczm2ms_3
BCZPCA	01	
BCZPCA	02	
BCZPCA	03	
BCZPCA	04	
BCZPCA	05	
BCZPCA	06	
BCZPCA	07	
BCZPCA	08	
BCZPCA	09	
BCZPCA	10	
BCZPCA	11	
BCZPCA	12	
BCZPCA	13	
BCZPCA	14	
BCZPCA	15	
BCZPCA	16	
BCZPCA	17	
BCZPCA	18	
BCZPCA	19	
BCZPCA	20	
BCZPCA	21	
BCZPCA	22	
BCZPCA	23	
BCZPCA	24	
BCZPCA	25	
BCZPEA	01	iczp2ab
BCZPEA	02	iczp2ap
BCZPEA	03	iczp2as
BCZPEA	04	iczp2bb
BCZPEA	05	iczp2bp
BCZPEA	06	iczp2bs
BCZPEA	10	iczp2lb
BCZPEA	11	iczp2lp
BCZPEA	12	iczp2ls
BCZPEA	13	iczp1bb
BCZPEA	14	iczp1bp
BCZPEA	15	iczp1bs
BCZPEA	16	iczp1pb
BCZPEA	17	iczp1pp
BCZPEA	18	iczp1ps
BCZPEA	19	iczp2rb
BCZPEA	20	iczp2rp
BCZPEA	21	iczp2rs
BCZRCA	01	
BCZRCA	02	
BCZRCA	03	
BCZRCA	04	
BCZRCA	05	
BCZRCA	06	
BCZRCA	07	
BCZRCA	08	
BCZRCA	09	
BCZRCA	10	
BCZRCA	11	
BCZRCA	12	
BCZRCA	13	
BCZRCA	14	
BCZRCA	15	
BCZRCA	16	
BCZRCA	17	
BCZRCA	18	
BCZRCA	19	
BCZRCA	20	
BCZRCA	21	
BCZRCA	22	
BCZRCA	23	
BCZRCA	24	
BCZRCA	25	
BCZREA	01	iczr2a
BCZREA	2	bczrea01_2	iczr2a_2
BCZREA	3	bczrea01_3	iczr2a_3
BCZREA	4	bczrea02	iczr2b
BCZREA	5	bczrea02_2	iczr2b_2
BCZREA	6	bczrea02_3	iczr2b_3
BCZREA	7	bczrea03	iczr2l
BCZREA	8	bczrea03_2	iczr2l_2
BCZREA	9	bczrea03_3	iczr2l_3
BCZREA	10	bczrea04	iczr1p
BCZREA	11	bczrea04_2	iczr1p_2
BCZREA	12	bczrea04_3	iczr1p_3
BCZREA	13	bczrea05	iczr1b
BCZREA	14	bczrea05_2	iczr1b_2
BCZREA	15	bczrea05_3	iczr1b_3
BCZREA	16	bczrea06	iczr2r
BCZREA	17	bczrea06_2	iczr2r_2
BCZREA	18	bczrea06_3	iczr2r_3
BCZREA	19	bczrea07	iczr2be
BCZREA	20	bczrea08	iczr2le
BCZSCA	01	
BCZSCA	02	
BCZSCA	03	
BCZSCA	04	
BCZSCA	05	
BCZSCA	06	
BCZSCA	07	
BCZSCA	08	
BCZSCA	09	
BCZSCA	10	
BCZSCA	11	
BCZSCA	12	
BCZSCA	13	
BCZSCA	14	
BCZSCA	15	
BCZSCA	16	
BCZSCA	17	
BCZSCA	18	
BCZSCA	19	
BCZSCA	20	
BCZSCA	21	
BCZSCA	22	
BCZSCA	23	
BCZSCA	24	
BCZSCA	25	
BCZSEA	01	iczsb
BCZSEA	2	bczsea01_2	iczsb_2
BCZSEA	3	bczsea01_3	iczsb_3
BCZSEA	4	bczsea02	iczss
BCZSEA	5	bczsea02_2	iczss_2
BCZSEA	6	bczsea02_3	iczss_3
BCZSEA	7	bczsea03	iczsbe
BCZTCA	01	
BCZTCA	02	
BCZTCA	03	
BCZTCA	04	
BCZTCA	05	
BCZTCA	06	
BCZTCA	07	
BCZTCA	08	
BCZTCA	09	
BCZTCA	10	
BCZTCA	11	
BCZTCA	12	
BCZTCA	13	
BCZTCA	14	
BCZTCA	15	
BCZTCA	16	
BCZTCA	17	
BCZTCA	18	
BCZTCA	19	
BCZTCA	20	
BCZTCA	21	
BCZTCA	22	
BCZTCA	23	
BCZTCA	24	
BCZTCA	25	
BEPA	01	
BFAHAME	01	bfaimhame01	
BFAHAME	02	bfaimhame02	
BFAHAME	03	bfaimhame03	
BFAHAME	04	bfaimhame04	
BFAHAME	05	bfaimhame05	
BFAHAME	06	bfaimhame06	
BFAHAME	07	bfaimhame07	
BFAHAME	08	bfaimhame08	
BFAHAME	09	bfaimhame09	
BFAHAME	10	bfaimhame10	
BFAHAME	11	bfaimhame11	
BFAHCME	01	bfaimhcme01	
BFAHCME	02	bfaimhcme02	
BFAHCME	03	bfaimhcme03	
BFAHCME	04	bfaimhcme04	
BFAHCME	05	bfaimhcme05	
BFAHCME	06	bfaimhcme06	
BFAHCME	07	bfaimhcme07	
BFAHCME	08	bfaimhcme08	
BFAHCME	09	bfaimhcme09	
BFAHCME	10	bfaimhcme10	
BFAHCME	11	bfaimhcme11	
BFAHFME	01	bfaimhfme01	
BFAHFME	02	bfaimhfme02	
BFAHFME	03	bfaimhfme03	
BFAHFME	04	bfaimhfme04	
BFAHFME	05	bfaimhfme05	
BFAHFME	06	bfaimhfme06	
BFAHFME	07	bfaimhfme07	
BFAHFME	08	bfaimhfme08	
BFAHFME	09	bfaimhfme09	
BFAHFME	10	bfaimhfme10	
BFAHFME	11	bfaimhfme11	
BFAHHAME	01	bfaimhhame01	
BFAHHAME	02	bfaimhhame02	
BFAHHAME	03	bfaimhhame03	
BFAHHAME	04	bfaimhhame04	
BFAHHAME	05	bfaimhhame05	
BFAHHAME	06	bfaimhhame06	
BFAHHAME	07	bfaimhhame07	
BFAHHAME	08	bfaimhhame08	
BFAHHAME	09	bfaimhhame09	
BFAHHAME	10	bfaimhhame10	
BFAHHAME	11	bfaimhhame11	
BFAHHME	01	bfaimhhme01	
BFAHHME	02	bfaimhhme02	
BFAHHME	03	bfaimhhme03	
BFAHHME	04	bfaimhhme04	
BFAHHME	05	bfaimhhme05	
BFAHHME	06	bfaimhhme06	
BFAHHME	07	bfaimhhme07	
BFAHHME	08	bfaimhhme08	
BFAHHME	09	bfaimhhme09	
BFAHHME	10	bfaimhhme10	
BFAHHME	11	bfaimhhme11	
BFAHLME	01	bfaimhlme01	
BFAHLME	02	bfaimhlme02	
BFAHLME	03	bfaimhlme03	
BFAHLME	04	bfaimhlme04	
BFAHLME	05	bfaimhlme05	
BFAHLME	06	bfaimhlme06	
BFAHLME	07	bfaimhlme07	
BFAHLME	08	bfaimhlme08	
BFAHLME	09	bfaimhlme09	
BFAHLME	10	bfaimhlme10	
BFAHLME	11	bfaimhlme11	
BFAKAME	01	bfaimkame01	
BFAKAME	02	bfaimkame02	
BFAKAME	03	bfaimkame03	
BFAKAME	04	bfaimkame04	
BFAKAME	05	bfaimkame05	
BFAKAME	06	bfaimkame06	
BFAKAME	07	bfaimkame07	
BFAKAME	08	bfaimkame08	
BFAKAME	09	bfaimkame09	
BFAKAME	10	bfaimkame10	
BFAKAME	11	bfaimkame11	
BFAKCME	01	bfaimkcme01	
BFAKCME	02	bfaimkcme02	
BFAKCME	03	bfaimkcme03	
BFAKCME	04	bfaimkcme04	
BFAKCME	05	bfaimkcme05	
BFAKCME	06	bfaimkcme06	
BFAKCME	07	bfaimkcme07	
BFAKCME	08	bfaimkcme08	
BFAKCME	09	bfaimkcme09	
BFAKCME	10	bfaimkcme10	
BFAKCME	11	bfaimkcme11	
BFAKFME	01	bfaimkfme01	
BFAKFME	02	bfaimkfme02	
BFAKFME	03	bfaimkfme03	
BFAKFME	04	bfaimkfme04	
BFAKFME	05	bfaimkfme05	
BFAKFME	06	bfaimkfme06	
BFAKFME	07	bfaimkfme07	
BFAKFME	08	bfaimkfme08	
BFAKFME	09	bfaimkfme09	
BFAKFME	10	bfaimkfme10	
BFAKFME	11	bfaimkfme11	
BFAKHAME	01	bfaimkhame01	
BFAKHAME	02	bfaimkhame02	
BFAKHAME	03	bfaimkhame03	
BFAKHAME	04	bfaimkhame04	
BFAKHAME	05	bfaimkhame05	
BFAKHAME	06	bfaimkhame06	
BFAKHAME	07	bfaimkhame07	
BFAKHAME	08	bfaimkhame08	
BFAKHAME	09	bfaimkhame09	
BFAKHAME	10	bfaimkhame10	
BFAKHAME	11	bfaimkhame11	
BFAKHME	01	bfaimkhme01	
BFAKHME	02	bfaimkhme02	
BFAKHME	03	bfaimkhme03	
BFAKHME	04	bfaimkhme04	
BFAKHME	05	bfaimkhme05	
BFAKHME	06	bfaimkhme06	
BFAKHME	07	bfaimkhme07	
BFAKHME	08	bfaimkhme08	
BFAKHME	09	bfaimkhme09	
BFAKHME	10	bfaimkhme10	
BFAKHME	11	bfaimkhme11	
BFAKLME	01	bfaimklme01	
BFAKLME	02	bfaimklme02	
BFAKLME	03	bfaimklme03	
BFAKLME	04	bfaimklme04	
BFAKLME	05	bfaimklme05	
BFAKLME	06	bfaimklme06	
BFAKLME	07	bfaimklme07	
BFAKLME	08	bfaimklme08	
BFAKLME	09	bfaimklme09	
BFAKLME	10	bfaimklme10	
BFAKLME	11	bfaimklme11	
BFAQAME	01	bfaimqame01	
BFAQAME	02	bfaimqame02	
BFAQAME	03	bfaimqame03	
BFAQAME	04	bfaimqame04	
BFAQAME	05	bfaimqame05	
BFAQAME	06	bfaimqame06	
BFAQAME	07	bfaimqame07	
BFAQAME	08	bfaimqame08	
BFAQAME	09	bfaimqame09	
BFAQAME	10	bfaimqame10	
BFAQAME	11	bfaimqame11	
BFAQCME	01	bfaimqcme01	
BFAQCME	02	bfaimqcme02	
BFAQCME	03	bfaimqcme03	
BFAQCME	04	bfaimqcme04	
BFAQCME	05	bfaimqcme05	
BFAQCME	06	bfaimqcme06	
BFAQCME	07	bfaimqcme07	
BFAQCME	08	bfaimqcme08	
BFAQCME	09	bfaimqcme09	
BFAQCME	10	bfaimqcme10	
BFAQCME	11	bfaimqcme11	
BFAQFME	01	bfaimqfme01	
BFAQFME	02	bfaimqfme02	
BFAQFME	03	bfaimqfme03	
BFAQFME	04	bfaimqfme04	
BFAQFME	05	bfaimqfme05	
BFAQFME	06	bfaimqfme06	
BFAQFME	07	bfaimqfme07	
BFAQFME	08	bfaimqfme08	
BFAQFME	09	bfaimqfme09	
BFAQFME	10	bfaimqfme10	
BFAQFME	11	bfaimqfme11	
BFAQHAME	01	bfaimqhame01	
BFAQHAME	02	bfaimqhame02	
BFAQHAME	03	bfaimqhame03	
BFAQHAME	04	bfaimqhame04	
BFAQHAME	05	bfaimqhame05	
BFAQHAME	06	bfaimqhame06	
BFAQHAME	07	bfaimqhame07	
BFAQHAME	08	bfaimqhame08	
BFAQHAME	09	bfaimqhame09	
BFAQHAME	10	bfaimqhame10	
BFAQHAME	11	bfaimqhame11	
BFAQHME	01	bfaimqhme01	
BFAQHME	02	bfaimqhme02	
BFAQHME	03	bfaimqhme03	
BFAQHME	04	bfaimqhme04	
BFAQHME	05	bfaimqhme05	
BFAQHME	06	bfaimqhme06	
BFAQHME	07	bfaimqhme07	
BFAQHME	08	bfaimqhme08	
BFAQHME	09	bfaimqhme09	
BFAQHME	10	bfaimqhme10	
BFAQHME	11	bfaimqhme11	
BFAQLME	01	bfaimqlme01	
BFAQLME	02	bfaimqlme02	
BFAQLME	03	bfaimqlme03	
BFAQLME	04	bfaimqlme04	
BFAQLME	05	bfaimqlme05	
BFAQLME	06	bfaimqlme06	
BFAQLME	07	bfaimqlme07	
BFAQLME	08	bfaimqlme08	
BFAQLME	09	bfaimqlme09	
BFAQLME	10	bfaimqlme10	
BFAQLME	11	bfaimqlme11	
BFCA	01	
BFCA	02	
BFCA	03	
BFCA	04	
BFCA	05	
BFCA	06	
BFCA	07	
BFCA	08	
BFCA	09	
BFCA	10	
BFCA	11	
BFCA	12	
BFCA	13	
BFCA	14	
BFCA	15	
BFCA	16	
BFCA	17	
BFCA	18	
BFCB	01	
BFCB	02	
BFCB	03	
BFCB	04	
BFCB	05	
BFCB	06	
BFCB	07	
BFCB	08	
BFCB	09	
BFCB	10	
BFCC	01	
BFCC	02	
BFCC	03	
BFCC	04	
BFCC	05	
BFCC	06	
BFCC	07	
BFCC	08	
BFCC	09	
BFCC	10	
BFCC	11	
BFCD	01	
BFCD	02	
BFCD	03	
BFCD	04	
BFCD	05	
BFCD	06	
BFCD	07	
BFCD	08	
BFCD	09	
BFCD	10	
BFCD	11	
BFCE	01	
BFCE	02	
BFCE	03	
BFCE	04	
BFCE	05	
BFCE	06	
BFCE	07	
BFCE	08	
BFCE	09	
BFCE	10	
BFCE	11	
BFCF	01	
BFCF	02	
BFCF	03	
BFCF	04	
BFCF	05	
BFCG	01	
BFCG	02	
BFCG	03	
BFCG	04	
BFCG	05	
BFCG	06	
BFCG	07	
BFCG	08	
BFCG	09	
BFHME	01	
BFHME	02	
BFHME	03	
BFHME	04	
BFHME	05	
BFHME	06	
BFKME	01	
BFKME	02	
BFKME	03	
BFKME	04	
BFKME	05	
BFKME	06	
BFMA	01	
BFMA	02	
BFMA	03	
BFMA	04	
BFMA	05	
BFMA	06	
BFMA	07	
BFMA	08	
BFMA	09	
BFMA	10	
BFMA	11	
BFMA	12	
BFMA	13	
BFMB	01	
BFMB	02	
BFMB	03	
BFMB	04	
BFMB	05	
BFMB	06	
BFMB	07	
BFMB	08	
BFMB	09	
BFMB	10	
BFMB	11	
BFMB	12	
BFMB	13	
BFMC	01	
BFMC	02	
BFMC	03	
BFMC	04	
BFMC	05	
BFMC	06	
BFMC	07	
BFMC	08	
BFMC	09	
BFMC	10	
BFMC	11	
BFMD	01	
BFMD	02	
BFMD	03	
BFMD	04	
BFMD	05	
BFMD	06	
BFMD	07	
BFMD	08	
BFMD	09	
BFMD	10	
BFMD	11	
BFME	01	
BFME	02	
BFME	03	
BFMF	01	
BFMF	02	
BFMF	03	
BFMF	04	
BFMF	05	
BFMF	06	
BFMF	07	
BFMF	08	
BFMF	09	
BFMG	01	
BFMG	02	
BFMG	03	
BFMG	04	
BFMG	05	
BFMG	06	
BFMG	07	
BFMG	08	
BFMG	09	
BFMG	10	
BFMG	11	
BFMH	01	
BFMH	02	
BFMH	03	
BFMH	04	
BFMH	05	
BFMH	06	
BFMH	07	
BFMH	08	
BFMH	09	
BFMH	10	
BFMH	11	
BFOA	01	
BFOA	02	
BFOA	03	
BFOA	04	
BFOA	05	
BFOA	06	
BFOA	07	
BFOB	01	
BFOB	02	
BFPA	01	
BFQME	01	
BFQME	02	
BFQME	03	
BFQME	04	
BFQME	05	
BFQME	06	
BHFECA	1	
BHFECA	2	
BHFECA	3	
BHFECA	4	
BHFECA	5	bhfeca13	
BHFECA	6	bhfeca05	
BHFECA	7	bhfeca06	
BHFECA	8	bhfeca07	
BHFECA	9	bhfeca14	
BHFECA	10	bhfeca08	
BHFECA	11	bhfeca09	
BHFECA	12	bhfeca10	
BHFECA	13	bhfeca11	
BHFECA	14	bhfeca12	
BHFEEA	1	
BHFEEA	2	
BHFEEA	3	
BHFEEA	4	
BHFEEA	5	
BHFEEA	6	
BHFEEA	7	
BHFEEA	8	
BHFEEA	9	
BHFEEA	10	
BHFEEA	11	
BHFEEA	12	
BHFEEB	1	
BHFEEB	2	
BHFEEB	3	
BHFEEB	4	
BHFEEB	5	
BHFEEB	6	
BHFEEB	7	
BHFEEB	8	
BHFEEB	9	
BHFEEB	10	
BHFEEB	11	
BHFEEB	12	
BHFEEC	1	
BHFEEC	2	
BHFEEC	3	
BHFEEC	4	
BHFEEC	5	
BHFEEC	6	
BHFEEC	7	
BHFEEC	8	
BHFEEC	9	
BHFEEC	10	
BHFEEC	11	
BHFEEC	12	
BHFEEC	13	
BHFEEC	14	
BHFEEC	15	
BHFEEC	16	
BHFEEC	17	
BHFEEC	18	
BHFEEC	19	
BHFEEC	20	
BHFEEC	21	
BHFEEC	22	
BHFEEC	23	
BHFEEC	24	
BHFEEC	25	
BHFEEC	26	
BHFEEC	27	
BHFEEC	28	
BHFEEC	29	
BHFEEC	30	
BHFEEC	31	
BHFEEC	32	
BHFEEC	33	
BHFEEC	34	
BHFEEC	35	
BHFEEC	36	
BHFEEC	37	
BHFEEC	38	
BHFEEC	39	
BHFEEC	40	
BHFEEC	41	
BHFEEC	42	
BHFEEC	43	
BHFEEC	44	
BHFEEC	45	
BHFEEC	46	
BHFEEC	47	
BHFEEC	48	
BHFEEC	49	
BHFEEC	50	
BHFEMA	1	
BHFEMA	2	
BHFEMA	3	
BHFEMA	4	
BHFEMA	5	
BHFEMB	1	
BHFEMB	2	
BHFEMB	3	
BHFEMB	4	
BHFEMB	5	
BHFEMB	6	
BHFEMB	7	
BHFEMB	9	
BHFEMB	10	
BHFEMB	11	bhfemb23	
BHFEMC	1	
BHFEMC	2	
BHFEMC	3	
BHFEMC	4	
BHFEMC	5	
BHFEMD	1	
BHFEMD	2	
BHFEMD	3	
BHFEMD	4	
BHFEMD	5	
BHFEMF	1	
BHFEMF	2	
BHFEMF	3	
BHFEMG	1	
BHFEMG	2	
BHFEMG	3	
BHFEMG	4	
BHFEMG	5	
BHFEMK	1	
BHFEMK	2	
BHFEMK	3	
BHFEMK	4	
BHFEMK	5	
BHFEOA	1	
BHFEOB	1	
BHFEOC	1	
BHFEOD	1	
BHFEOE	1	
BHFEOF	1	
BHFEOG	1	
BHFEOH	1	
BHFEPA	1	
BHFEPA	2	
BHFGPA	1	
BHFPCA	1	
BHFPCA	2	
BHFPCA	3	
BHFPCA	4	
BHFPCA	5	
BHFPCA	6	
BHFPCA	7	
BHFPCA	8	
BHFPCA	9	
BHFPCA	10	
BHFPCA	11	
BHFPCA	12	
BHFPCA	13	
BHFPCA	14	
BHFPCA	15	
BHFPMA	1	
BHFPMA	2	
BHFPMA	3	
BHFPMA	4	
BHFPMA	5	
BHFPMB	1	
BHFPMB	2	
BHFPMB	3	
BHFPMB	4	
BHFPMB	5	
BHFPMB	6	
BHFPMB	7	
BHFPMB	8	
BHFPMB	9	
BHFPMB	10	
BHFPMB	11	
BHFPMB	12	
BHFPMB	13	
BHFPMB	14	
BHFPMB	15	
BHFPMB	16	
BHFPMB	17	
BHFPMB	18	
BHFPMB	19	
BHFPMB	20	
BHFPMC	1	
BHFPMC	2	
BHFPMC	3	
BHFPMC	4	
BHFPMC	5	
BHFPMC	6	
BHFPMC	7	
BHFPMD	1	
BHFPMD	2	
BHFPMD	3	
BHFPMD	4	
BHFPMD	5	
BHFPMD	6	
BHFPMD	7	
BHFPME	1	
BHFPME	2	
BHFPME	3	
BHFPME	4	
BHFPME	5	
BHFPME	6	
BHFPME	7	
BHFPMF	1	
BHFPMF	2	
BHFPMF	3	
BHFPMG	1	
BHFPMG	2	
BHFPMG	3	
BHFPMG	4	
BHFPMG	5	
BHFPMH	1	
BHFPMH	2	
BHFPMH	3	
BHFPMH	4	
BHFPMH	5	
BHFPMH	6	
BHFPMH	7	
BHFPMI	1	
BHFPMI	2	
BHFPMI	3	
BHFPMI	4	
BHFPMI	5	
BHFPMI	6	
BHFPMI	7	
BHFPMI	8	
BHFPMI	9	
BHFPMI	10	
BHFPMI	11	
BHFPMI	12	
BHFPMI	13	
BHFPMI	14	
BHFPMI	15	
BHFPMI	16	
BHFPMI	17	
BHFPMI	18	
BHFPMI	19	
BHFPMI	20	
BHFPMI	21	
BHFPMI	22	
BHFPMI	23	
BHFPMI	24	
BHFPMI	25	
BHFPMI	26	
BHFPMI	27	
BHFPMI	28	
BHFPMI	29	
BHFPMI	30	
BHFPMI	31	
BHFPMI	32	
BHFPMI	33	
BHFPMI	34	
BHFPMI	35	
BHFPMI	36	
BHFPMI	37	
BHFPMI	38	
BHFPMI	39	
BHFPMI	40	
BHFPMJ	1	
BHFPMJ	2	
BHFPMJ	3	
BHFPMJ	4	
BHFPMJ	5	
BHFPMK	1	
BHFPMK	2	
BHFPMK	3	
BHFPMK	4	
BHFPMK	5	
BHFPMK	6	
BHFPMK	7	
BHFPMK	8	
BHFPPA	1	
BHFPPOA	1	
BHFPPOB	1	
BHFPPOC	1	
BHFPPOD	1	
BHFPPOE	1	
BHFPPOF	1	
BHFPPOG	1	
BHFPPOH	1	
BHFPPOI	1	
BHFPPOJ	1	
BHFPPOK	1	
BHFPPOL	1	
BHFPRMFMA	1	
BHFPRMFMA	2	
BHFPRMFMA	3	
BHFPRMFMA	4	
BHFPRMFMA	5	
BHFPRMFMA	6	
BHFPRMFMB	1	
BHFPRMFMB	2	
BHFPRMFMB	3	
BHFPRMFMB	4	
BHFPRMFMB	5	
BHFPRMFMB	6	
BHFPRMFMB	7	
BHFPRMFMC	1	
BHFPRMFMC	2	
BHFPRMFMC	3	
BHFPRMFMC	4	
BHFPRMFMC	5	
BHFPRMFMC	6	
BHFPRMFMD	1	
BHFPRMFMD	2	
BHFPRMFMD	3	
BHFPRMFMD	4	
BHFPRMFMD	5	
BHFPRMFME	1	
BHFPRMFME	2	
BHFPRMFME	3	
BHFPRMFME	4	
BHFPRMFME	5	
BHFPRMFME	6	
BHFPRMFMF	1	
BHFPRMFMF	2	
BHFPRMFMF	3	
BHFPRMFMF	4	
BHFPRMFMF	5	
BHFPRMFMG	1	
BHFPRMFMG	2	
BHFPRMFMG	3	
BHFPRMFMG	4	
BHFPRMFMG	5	
BHFPRMFMG	6	
BHFPRMFMI	1	
BHFPRMFMI	2	
BHFPRMFMI	3	
BHFPRMFMI	4	
BHFPRMFMI	5	
BHFPRMFMJ	1	
BHFPRMFMJ	2	
BHFPRMFMJ	3	
BHFPRMFMJ	4	
BHFPRMFMJ	5	
BHFPRMFMJ	6	
BHFPRMFMW	1	
BHFPRMFMW	2	
BHFPRMFMW	3	
BHFPRMFMW	4	
BHFPRMFMW	5	
BHFPSOA	1	
BIF	01	
BIF	02	
BIF	03	
BIF	04	
BIF	05	
BIF	06	
BIF	07	
BIF	08	
BIF	09	
BIF	10	
BIF	11	
BIF	12	
BIF	13	
BIF	14	
BIF	15	
BIF	16	
BIF	17	
BIF	18	
BIF	19	
BIF	20	
BIF	21	
BIF	22	
BIF	23	
BIF	24	
BIF	25	
BIF	26	
BIF	27	
BIF	28	
BIF	29	
BIF	30	
BIF	31	
BIF	32	
BIF	33	
BIF	34	
BIF	35	
BIF	36	
BIF	37	
BIF	38	
BIF	39	
BIF	40	
BIF	41	
BIF	42	
BIF	43	
BIF	44	
BIF	45	
BIF	46	
BIF	47	
BIF	48	
BIF	49	
BIF	50	
BIF	51	
BIF	52	
BIF	53	
BIF	54	
BIF	55	
BIF	56	
BIF	57	
BIF	58	
BIF	59	
BIF	60	
BIF	61	
BIF	62	
BIF	63	
BIF	64	
BIF	65	
BIF	66	
BIF	67	
BIF	68	
BIF	69	
BIF	70	
BIF	71	
BIG	1	big_remove	
BIG	2	big_equip_item	
BIG	3	acid	
BIG	4	anti_magic_shield_aura	
BIG	5	berserk	
BIG	6	blind	
BIG	7	cold	
BIG	8	debuff_combat_skills	
BIG	9	debuff_dodge	
BIG	10	electric	
BIG	11	fear	
BIG	12	fire	
BIG	13	hatred	
BIG	14	invulnerability	
BIG	15	life_aura	
BIG	16	melee_protection_aura	
BIG	17	poison	
BIG	18	root	
BIG	19	rot	
BIG	20	sap_aura	
BIG	21	shielding	
BIG	22	shockwave	
BIG	23	sleep	
BIG	24	slow	
BIG	25	snare	
BIG	26	speeding_up	
BIG	27	stamina_aura	
BIG	28	stench	
BIG	29	stun	
BIG	30	umbrella_aura	
BIG	31	war_cry_aura	
BIG	32	fire_wall_aura	
BIG	33	thorn_wall_aura	
BIG	34	water_wall_aura	
BIG	35	lightning_wall_aura	
BIG	36	enchant_weapon	
BIG	37	enchant_weapon_acid	
BIG	38	enchant_weapon_cold	
BIG	39	enchant_weapon_electricity	
BIG	40	enchant_weapon_fire	
BIG	41	enchant_weapon_poison	
BIG	42	enchant_weapon_rot	
BIG	43	enchant_weapon_shockwave	
BIG	44	chg_charac	
BIG	45	mod_protect_magic	
BIG	46	mod_defense	
BIG	47	mod_craft_success	
BIG	48	mod_melee_success	
BIG	49	mod_range_success	
BIG	50	mod_magic_success	
BIG	51	mod_forage_success	
BIG	52	mod_dodge	
BIG	53	mod_parry	
BIG	55	shoot_again	
BIG	56	big_xpcat_50	
BIG	57	big_xpcat_100	
BIG	58	big_xpcat_150	
BIG	59	big_xpcat_200	
BIG	60	big_xpcat_250	
BIG	61	big_ring_xpcat_50	
BIG	62	big_ring_xpcat_100	
BIG	63	big_ring_xpcat_150	
BIG	64	big_ring_xpcat_200	
BIG	65	big_ring_xpcat_250	
BIG	66	big_outpost_pvp_0	
BIG	67	big_outpost_pvp_1	
BIG	68	big_outpost_pvp_2	
BIG	69	big_outpost_pvp_3	
BIG	70	big_outpost_pvp_4	
BIG	71	big_outpost_pvp_5	
BIG	72	big_outpost_pvp_6	
BIG	73	big_outpost_pvp_7	
BIG	74	big_outpost_pvp_8	
BIG	75	big_outpost_pvp_9	
BIG	76	big_outpost_pvp_10	
BIG	77	big_outpost_pvp_11	
BIG	78	big_outpost_pvp_12	
BIG	79	big_outpost_pvp_13	
BIG	80	big_outpost_pvp_14	
BIG	81	big_outpost_pvp_15	
BIG	82	big_outpost_pvp_16	
BIG	83	big_outpost_pvp_17	
BIG	84	big_outpost_pvp_18	
BIG	85	big_outpost_pvp_19	
BIG	86	big_outpost_pvp_20	
BIG	87	big_outpost_pvp_21	
BIG	88	big_outpost_pvp_22	
BIG	89	big_outpost_pvp_23	
BIG	90	big_outpost_pvp_24	
BIG	91	big_outpost_pvp_25	
BIG	92	big_outpost_pvp_26	
BIG	93	big_outpost_pvp_27	
BIG	94	big_outpost_pvp_28	
BIG	95	big_outpost_pvp_29	
BIG	96	big_outpost_pvp_30	
BIG	97	big_outpost_pvp_31	
BIG	98	death_penalty	
BIG	99	mod_desert_forage_success	
BIG	100	mod_forest_forage_success	
BIG	101	mod_lacustre_forage_success	
BIG	102	mod_jungle_forage_success	
BIG	103	mod_primary_root_forage_success	
BMCA	1	bmca00001	
BMCA	2	bmca00002	
BMCA	3	bmca00003	
BMCA	4	bmca00004	
BMCA	5	bmca00005	
BMCA	6	bmca00007	
BMCA	7	bmca00010	
BMCA	8	bmca00015	
BMCA	9	bmca00020	
BMCA	10	bmca00025	
BMCA	11	bmca00030	
BMCA	12	bmca00040	
BMCA	13	bmca00050	
BMCA	14	bmca00065	
BMCA	15	bmca00080	
BMCA	16	bmca00100	
BMCA	17	bmca00120	
BMCA	18	bmca00140	
BMCA	19	bmca00160	
BMCA	20	bmca00180	
BMCA	21	bmca00200	
BMCA	22	bmca00225	
BMCA	23	bmca00250	
BMCC	1	bmcc00001	
BMCC	2	bmcc00002	
BMCC	3	bmcc00003	
BMCC	4	bmcc00004	
BMCC	5	bmcc00005	
BMCC	6	bmcc00007	
BMCC	7	bmcc00010	
BMCC	8	bmcc00015	
BMCC	9	bmcc00020	
BMCC	10	bmcc00025	
BMCC	11	bmcc00030	
BMCC	12	bmcc00040	
BMCC	13	bmcc00050	
BMCC	14	bmcc00065	
BMCC	15	bmcc00080	
BMCC	16	bmcc00100	
BMCC	17	bmcc00120	
BMCC	18	bmcc00140	
BMCC	19	bmcc00160	
BMCC	20	bmcc00180	
BMCC	21	bmcc00200	
BMCC	22	bmcc00225	
BMCC	23	bmcc00250	
BMCP	1	bmcp00001	
BMCP	2	bmcp00002	
BMCP	3	bmcp00003	
BMCP	4	bmcp00004	
BMCP	5	bmcp00005	
BMCP	6	bmcp00007	
BMCP	7	bmcp00010	
BMCP	8	bmcp00015	
BMCP	9	bmcp00020	
BMCP	10	bmcp00025	
BMCP	11	bmcp00030	
BMCP	12	bmcp00040	
BMCP	13	bmcp00050	
BMCP	14	bmcp00065	
BMCP	15	bmcp00080	
BMCP	16	bmcp00100	
BMCP	17	bmcp00120	
BMCP	18	bmcp00140	
BMCP	19	bmcp00160	
BMCP	20	bmcp00180	
BMCP	21	bmcp00200	
BMCP	22	bmcp00225	
BMCP	23	bmcp00250	
BMCR	1	bmcr00001	
BMCR	2	bmcr00002	
BMCR	3	bmcr00003	
BMCR	4	bmcr00004	
BMCR	5	bmcr00005	
BMCR	6	bmcr00007	
BMCR	7	bmcr00010	
BMCR	8	bmcr00015	
BMCR	9	bmcr00020	
BMCR	10	bmcr00025	
BMCR	11	bmcr00030	
BMCR	12	bmcr00040	
BMCR	13	bmcr00050	
BMCR	14	bmcr00065	
BMCR	15	bmcr00080	
BMCR	16	bmcr00100	
BMCR	17	bmcr00120	
BMDALEA	01	
BMDALEA	02	
BMDALEA	03	
BMDALMF	1	bmdalmf00010	
BMDALMF	2	bmdalmf00030	
BMDALMF	3	bmdalmf00040	
BMDALMF	4	bmdalmf00050	
BMDALMF	5	bmdalmf00065	
BMDALMF	6	bmdalmf00080	
BMDALMF	7	bmdalmf00100	
BMDALMF	8	bmdalmf00120	
BMDALMF	9	bmdalmf00140	
BMDALMF	10	bmdalmf00160	
BMDALMF	11	bmdalmf00180	
BMDALMF	12	bmdalmf00200	
BMDALMF	13	bmdalmf00225	
BMDALMF	14	bmdalmf00250	
BMDALMM	3	bmdalmm00040	
BMDALMM	4	bmdalmm00050	
BMDALMM	5	bmdalmm00065	
BMDALMM	6	bmdalmm00080	
BMDALMM	7	bmdalmm00100	
BMDALMM	8	bmdalmm00120	
BMDALMM	9	bmdalmm00140	
BMDALMM	10	bmdalmm00160	
BMDALMM	11	bmdalmm00180	
BMDALMM	12	bmdalmm00200	
BMDALMM	13	bmdalmm00225	
BMDALMM	14	bmdalmm00250	
BMDALMS	4	bmdalms00050	
BMDALMS	5	bmdalms00065	
BMDALMS	6	bmdalms00080	
BMDALMS	7	bmdalms00100	
BMDALMS	8	bmdalms00120	
BMDALMS	9	bmdalms00140	
BMDALMS	10	bmdalms00160	
BMDALMS	11	bmdalms00180	
BMDALMS	12	bmdalms00200	
BMDALMS	13	bmdalms00225	
BMDALMS	14	bmdalms00250	
BMDHTEA	01	
BMDHTEA	02	
BMDHTEA	03	
BMDHTMA	1	bmdhtma00005	
BMDHTMA	2	bmdhtma00015	
BMDHTMA	3	bmdhtma00030	
BMDHTMA	4	bmdhtma00040	
BMDHTMA	5	bmdhtma00050	
BMDHTMA	6	bmdhtma00065	
BMDHTMA	7	bmdhtma00080	
BMDHTMA	8	bmdhtma00100	
BMDHTMA	9	bmdhtma00120	
BMDHTMA	10	bmdhtma00140	
BMDHTMA	11	bmdhtma00160	
BMDHTMA	12	bmdhtma00180	
BMDHTMA	13	bmdhtma00200	
BMDHTMA	14	bmdhtma00225	
BMDHTMA	15	bmdhtma00250	
BMDHTMP	1	bmdhtmp00005	
BMDHTMP	2	bmdhtmp00010	
BMDHTMP	3	bmdhtmp00015	
BMDHTMP	4	bmdhtmp00020	
BMDHTMP	5	bmdhtmp00025	
BMDHTMP	6	bmdhtmp00030	
BMDHTMP	7	bmdhtmp00040	
BMDHTMP	8	bmdhtmp00050	
BMDHTMP	9	bmdhtmp00065	
BMDHTMP	10	bmdhtmp00080	
BMDHTMP	11	bmdhtmp00100	
BMDHTMP	12	bmdhtmp00120	
BMDHTMP	13	bmdhtmp00140	
BMDHTMP	14	bmdhtmp00160	
BMDHTMP	15	bmdhtmp00180	
BMDHTMP	16	bmdhtmp00200	
BMDHTMP	17	bmdhtmp00225	
BMDHTMP	18	bmdhtmp00250	
BMDHTMT	1	bmdhtmt00005	
BMDHTMT	2	bmdhtmt00015	
BMDHTMT	3	bmdhtmt00030	
BMDHTMT	4	bmdhtmt00040	
BMDHTMT	5	bmdhtmt00050	
BMDHTMT	6	bmdhtmt00065	
BMDHTMT	7	bmdhtmt00080	
BMDHTMT	8	bmdhtmt00100	
BMDHTMT	9	bmdhtmt00120	
BMDHTMT	10	bmdhtmt00140	
BMDHTMT	11	bmdhtmt00160	
BMDHTMT	12	bmdhtmt00180	
BMDHTMT	13	bmdhtmt00200	
BMDHTMT	14	bmdhtmt00225	
BMDHTMT	15	bmdhtmt00250	
BMOALEA	01	
BMOALEA	02	
BMOALEA	03	
BMOALEA	04	
BMOALEA	05	
BMOALMA	1	bmoalma00010	
BMOALMA	2	bmoalma00030	
BMOALMA	3	bmoalma00040	
BMOALMA	4	bmoalma00050	
BMOALMA	5	bmoalma00065	
BMOALMA	6	bmoalma00080	
BMOALMA	7	bmoalma00100	
BMOALMA	8	bmoalma00120	
BMOALMA	9	bmoalma00140	
BMOALMA	10	bmoalma00160	
BMOALMA	11	bmoalma00180	
BMOALMA	12	bmoalma00200	
BMOALMA	13	bmoalma00225	
BMOALMA	14	bmoalma00250	
BMOALMB	1	bmoalmb00015	
BMOALMB	2	bmoalmb00030	
BMOALMB	3	bmoalmb00040	
BMOALMB	4	bmoalmb00050	
BMOALMB	5	bmoalmb00065	
BMOALMB	6	bmoalmb00080	
BMOALMB	7	bmoalmb00100	
BMOALMB	8	bmoalmb00120	
BMOALMB	9	bmoalmb00140	
BMOALMB	10	bmoalmb00160	
BMOALMB	11	bmoalmb00180	
BMOALMB	12	bmoalmb00200	
BMOALMB	13	bmoalmb00225	
BMOALMB	14	bmoalmb00250	
BMOALMD	1	bmoalmd00015	
BMOALMD	2	bmoalmd00030	
BMOALMD	3	bmoalmd00040	
BMOALMD	4	bmoalmd00050	
BMOALMD	5	bmoalmd00065	
BMOALMD	6	bmoalmd00080	
BMOALMD	7	bmoalmd00100	
BMOALMD	8	bmoalmd00120	
BMOALMD	9	bmoalmd00140	
BMOALMD	10	bmoalmd00160	
BMOALMD	11	bmoalmd00180	
BMOALMD	12	bmoalmd00200	
BMOALMD	13	bmoalmd00225	
BMOALMD	14	bmoalmd00250	
BMOALMM	1	bmoalmm00010	
BMOALMM	2	bmoalmm00030	
BMOALMM	3	bmoalmm00040	
BMOALMM	4	bmoalmm00050	
BMOALMM	5	bmoalmm00065	
BMOALMM	6	bmoalmm00080	
BMOALMM	7	bmoalmm00100	
BMOALMM	8	bmoalmm00120	
BMOALMM	9	bmoalmm00140	
BMOALMM	10	bmoalmm00160	
BMOALMM	11	bmoalmm00180	
BMOALMM	12	bmoalmm00200	
BMOALMM	13	bmoalmm00225	
BMOALMM	14	bmoalmm00250	
BMOALMR	1	bmoalmr00015	
BMOALMR	2	bmoalmr00030	
BMOALMR	3	bmoalmr00040	
BMOALMR	4	bmoalmr00050	
BMOALMR	5	bmoalmr00065	
BMOALMR	6	bmoalmr00080	
BMOALMR	7	bmoalmr00100	
BMOALMR	8	bmoalmr00120	
BMOALMR	9	bmoalmr00140	
BMOALMR	10	bmoalmr00160	
BMOALMR	11	bmoalmr00180	
BMOALMR	12	bmoalmr00200	
BMOALMR	13	bmoalmr00225	
BMOALMR	14	bmoalmr00250	
BMOELEA	01	
BMOELEA	02	
BMOELEA	03	
BMOELEA	04	
BMOELEA	05	
BMOELEA	06	
BMOELEA	07	
BMOELMA	1	bmoelma00030	
BMOELMA	2	bmoelma00040	
BMOELMA	3	bmoelma00050	
BMOELMA	4	bmoelma00065	
BMOELMA	5	bmoelma00080	
BMOELMA	6	bmoelma00100	
BMOELMA	7	bmoelma00120	
BMOELMA	8	bmoelma00140	
BMOELMA	9	bmoelma00160	
BMOELMA	10	bmoelma00180	
BMOELMA	11	bmoelma00200	
BMOELMA	12	bmoelma00225	
BMOELMA	13	bmoelma00250	
BMOELMC	1	bmoelmc00030	
BMOELMC	2	bmoelmc00040	
BMOELMC	3	bmoelmc00050	
BMOELMC	4	bmoelmc00065	
BMOELMC	5	bmoelmc00080	
BMOELMC	6	bmoelmc00100	
BMOELMC	7	bmoelmc00120	
BMOELMC	8	bmoelmc00140	
BMOELMC	9	bmoelmc00160	
BMOELMC	10	bmoelmc00180	
BMOELMC	11	bmoelmc00200	
BMOELMC	12	bmoelmc00225	
BMOELMC	13	bmoelmc00250	
BMOELME	1	bmoelme00140	
BMOELME	2	bmoelme00160	
BMOELME	3	bmoelme00180	
BMOELME	4	bmoelme00200	
BMOELME	5	bmoelme00225	
BMOELME	6	bmoelme00250	
BMOELMF	1	bmoelmf00140	
BMOELMF	2	bmoelmf00160	
BMOELMF	3	bmoelmf00180	
BMOELMF	4	bmoelmf00200	
BMOELMF	5	bmoelmf00225	
BMOELMF	6	bmoelmf00250	
BMOELMP	1	bmoelmp00140	
BMOELMP	2	bmoelmp00160	
BMOELMP	3	bmoelmp00180	
BMOELMP	4	bmoelmp00200	
BMOELMP	5	bmoelmp00225	
BMOELMP	6	bmoelmp00250	
BMOELMR	1	bmoelmr00030	
BMOELMR	2	bmoelmr00040	
BMOELMR	3	bmoelmr00050	
BMOELMR	4	bmoelmr00065	
BMOELMR	5	bmoelmr00080	
BMOELMR	6	bmoelmr00100	
BMOELMR	7	bmoelmr00120	
BMOELMR	8	bmoelmr00140	
BMOELMR	9	bmoelmr00160	
BMOELMR	10	bmoelmr00180	
BMOELMR	11	bmoelmr00200	
BMOELMR	12	bmoelmr00225	
BMOELMR	13	bmoelmr00250	
BMOELMS	1	bmoelms00140	
BMOELMS	2	bmoelms00160	
BMOELMS	3	bmoelms00180	
BMOELMS	4	bmoelms00200	
BMOELMS	5	bmoelms00225	
BMOELMS	6	bmoelms00250	
BMOETEA	01	
BMOETEA	02	
BMOETEA	03	
BMOETEA	04	
BMOETEA	05	
BMOETEA	06	
BMOETEA	07	
BMOETMA	1	bmoetma00003	
BMOETMA	2	bmoetma00015	
BMOETMA	3	bmoetma00030	
BMOETMA	4	bmoetma00040	
BMOETMA	5	bmoetma00050	
BMOETMA	6	bmoetma00065	
BMOETMA	7	bmoetma00080	
BMOETMA	8	bmoetma00100	
BMOETMA	9	bmoetma00120	
BMOETMA	10	bmoetma00140	
BMOETMA	11	bmoetma00160	
BMOETMA	12	bmoetma00180	
BMOETMA	13	bmoetma00200	
BMOETMA	14	bmoetma00225	
BMOETMA	15	bmoetma00250	
BMOETMC	1	bmoetmc00005	
BMOETMC	2	bmoetmc00015	
BMOETMC	3	bmoetmc00030	
BMOETMC	4	bmoetmc00040	
BMOETMC	5	bmoetmc00050	
BMOETMC	6	bmoetmc00065	
BMOETMC	7	bmoetmc00080	
BMOETMC	8	bmoetmc00100	
BMOETMC	9	bmoetmc00120	
BMOETMC	10	bmoetmc00140	
BMOETMC	11	bmoetmc00160	
BMOETMC	12	bmoetmc00180	
BMOETMC	13	bmoetmc00200	
BMOETMC	14	bmoetmc00225	
BMOETMC	15	bmoetmc00250	
BMOETME	1	bmoetme00140	
BMOETME	2	bmoetme00160	
BMOETME	3	bmoetme00180	
BMOETME	4	bmoetme00200	
BMOETME	5	bmoetme00225	
BMOETME	6	bmoetme00250	
BMOETMF	1	bmoetmf00140	
BMOETMF	2	bmoetmf00160	
BMOETMF	3	bmoetmf00180	
BMOETMF	4	bmoetmf00200	
BMOETMF	5	bmoetmf00225	
BMOETMF	6	bmoetmf00250	
BMOETMP	1	bmoetmp00140	
BMOETMP	2	bmoetmp00160	
BMOETMP	3	bmoetmp00180	
BMOETMP	4	bmoetmp00200	
BMOETMP	5	bmoetmp00225	
BMOETMP	6	bmoetmp00250	
BMOETMR	2	bmoetmr00015	
BMOETMR	3	bmoetmr00030	
BMOETMR	4	bmoetmr00040	
BMOETMR	5	bmoetmr00050	
BMOETMR	6	bmoetmr00065	
BMOETMR	7	bmoetmr00080	
BMOETMR	8	bmoetmr00100	
BMOETMR	9	bmoetmr00120	
BMOETMR	10	bmoetmr00140	
BMOETMR	11	bmoetmr00160	
BMOETMR	12	bmoetmr00180	
BMOETMR	13	bmoetmr00200	
BMOETMR	14	bmoetmr00225	
BMOETMR	15	bmoetmr00250	
BMOETMS	1	bmoetms00140	
BMOETMS	2	bmoetms00160	
BMOETMS	3	bmoetms00180	
BMOETMS	4	bmoetms00200	
BMOETMS	5	bmoetms00225	
BMOETMS	6	bmoetms00250	
BMOF	1	bmof00040	
BMOF	2	bmof00060	
BMOF	3	bmof00085	
BMOF	4	bmof00120	
BMOF	5	bmof00150	
BMOF	6	bmof00190	
BMOF	7	bmof00225	
BMOG	1	bmog00040	
BMOG	2	bmog00060	
BMOG	3	bmog00085	
BMOG	4	bmog00120	
BMOG	5	bmog00150	
BMOG	6	bmog00190	
BMOG	7	bmog00225	
BMOH	1	bmoh00040	
BMOH	2	bmoh00060	
BMOH	3	bmoh00085	
BMOH	4	bmoh00120	
BMOH	5	bmoh00150	
BMOH	6	bmoh00190	
BMOH	7	bmoh00225	
BMOR	1	bmor00008	
BMOR	2	bmor00016	
BMOR	3	bmor00030	
BMOR	4	bmor00045	
BMOR	5	bmor00065	
BMOR	6	bmor00080	
BMOR	7	bmor00100	
BMOR	8	bmor00120	
BMOR	9	bmor00140	
BMOR	10	bmor00160	
BMOR	11	bmor00180	
BMOR	12	bmor00200	
BMOV	1	bmov00010	
BMOV	2	bmov00015	
BMOV	3	bmov00020	
BMOV	4	bmov00025	
BMOV	5	bmov00030	
BMOV	6	bmov00040	
BMOV	7	bmov00050	
BMOV	8	bmov00065	
BMOV	9	bmov00080	
BMOV	10	bmov00100	
BMOV	11	bmov00120	
BMOV	12	bmov00140	
BMOV	13	bmov00160	
BMOV	14	bmov00180	
BMOV	15	bmov00200	
BMOV	16	bmov00225	
BMOV	17	bmov00250	
BMPA	01	
BMPA	02	
BMPA	03	
BMPA	04	
BMPA	05	
BMPA	06	
BMPA	07	
BMPA	08	
BMPA	09	
BMPA	10	
BMPA	11	
BMPA	12	
BMSTEA	04	
BMSTMC	1	bmstmc00005	
BMSTMC	2	bmstmc00020	
BMSTMC	3	bmstmc00050	
BMSTMC	4	bmstmc00100	
BMSTMC	5	bmstmc00160	
BMSTMC	6	bmstmc00200	
BMSTMC	7	bmstmc00250	
BPBCA	01	
BPBCA	02	
BPBCA	03	
BPBCA	04	
BPBCA	05	
BPBGLA	01	
BPBGLA	02	
BPBGLA	03	
BPBGLA	04	
BPBGLA	05	
BPBHFEA	01	
BPBHFEA	02	
BPBHFEA	03	
BPBHFEA	04	
BPBHFEA	05	
BPPB	01	
BPPB	02	
BPPB	03	
BPPB	04	
BPPB	05	
BPPB	06	
BPPB	07	
BPPB	08	
BPPB	09	
BPPB	10	
BPPB	11	
BPPB	12	
BPPB	13	
BPPB	14	
BPPB	15	
BPPB	16	
BPPB	17	
BPPB	18	
BPPB	19	
BPPB	20	
BPPB	21	
BPPB	22	
BPPB	23	
BPPB	24	
BPPB	25	
BPPB	26	
BPPB	27	
BPPB	28	
BPPB	29	
BPPB	30	
BPPB	31	
BPPB	32	
BPPB	33	
BPPB	34	
BPPB	35	
BPPB	36	
BPPB	37	
BPPB	38	
BPPB	39	
BPPB	40	
BPPB	41	
BPPB	42	
BPPB	43	
BPPB	44	
BPPB	45	
BPPB	46	
BPPB	47	
BPPB	48	
BPPB	49	
BPPB	50	
BPPC	01	
BPPC	02	
BPPC	03	
BPPC	04	
BPPC	05	
BPPC	06	
BPPC	07	
BPPC	08	
BPPC	09	
BPPC	10	
BPPC	11	
BPPC	12	
BPPC	13	
BPPC	14	
BPPC	15	
BPPC	16	
BPPC	17	
BPPC	18	
BPPC	19	
BPPC	20	
BPPC	21	
BPPC	22	
BPPC	23	
BPPC	24	
BPPC	25	
BPPC	26	
BPPC	27	
BPPC	28	
BPPC	29	
BPPC	30	
BPPC	31	
BPPC	32	
BPPC	33	
BPPC	34	
BPPC	35	
BPPC	36	
BPPC	37	
BPPC	38	
BPPC	39	
BPPC	40	
BPPC	41	
BPPC	42	
BPPC	43	
BPPC	44	
BPPC	45	
BPPC	46	
BPPC	47	
BPPC	48	
BPPC	49	
BPPC	50	
BPPD	01	
BPPD	02	
BPPD	03	
BPPD	04	
BPPD	05	
BPPD	06	
BPPD	07	
BPPD	08	
BPPD	09	
BPPD	10	
BPPD	11	
BPPD	12	
BPPD	13	
BPPD	14	
BPPD	15	
BPPD	16	
BPPD	17	
BPPD	18	
BPPD	19	
BPPD	20	
BPPD	21	
BPPD	22	
BPPD	23	
BPPD	24	
BPPD	25	
BPPD	26	
BPPD	27	
BPPD	28	
BPPD	29	
BPPD	30	
BPPD	31	
BPPD	32	
BPPD	33	
BPPD	34	
BPPD	35	
BPPD	36	
BPPD	37	
BPPD	38	
BPPD	39	
BPPD	40	
BPPD	41	
BPPD	42	
BPPD	43	
BPPD	44	
BPPD	45	
BPPD	46	
BPPD	47	
BPPD	48	
BPPD	49	
BPPD	50	
BPPI	01	
BPPI	02	
BPPI	03	
BPPI	04	
BPPI	05	
BPPI	06	
BPPI	07	
BPPI	08	
BPPI	09	
BPPI	10	
BPPI	11	
BPPI	12	
BPPI	13	
BPPI	14	
BPPI	15	
BPPI	16	
BPPI	17	
BPPI	18	
BPPI	19	
BPPI	20	
BPPI	21	
BPPI	22	
BPPI	23	
BPPI	24	
BPPI	25	
BPPI	26	
BPPI	27	
BPPI	28	
BPPI	29	
BPPI	30	
BPPI	31	
BPPI	32	
BPPI	33	
BPPI	34	
BPPI	35	
BPPI	36	
BPPI	37	
BPPI	38	
BPPI	39	
BPPI	40	
BPPI	41	
BPPI	42	
BPPI	43	
BPPI	44	
BPPI	45	
BPPI	46	
BPPI	47	
BPPI	48	
BPPI	49	
BPPI	50	
BPPL	01	
BPPL	02	
BPPL	03	
BPPL	04	
BPPL	05	
BPPL	06	
BPPL	07	
BPPL	08	
BPPL	09	
BPPL	10	
BPPL	11	
BPPL	12	
BPPL	13	
BPPL	14	
BPPL	15	
BPPL	16	
BPPL	17	
BPPL	18	
BPPL	19	
BPPL	20	
BPPL	21	
BPPL	22	
BPPL	23	
BPPL	24	
BPPL	25	
BPPL	26	
BPPL	27	
BPPL	28	
BPPL	29	
BPPL	30	
BPPL	31	
BPPL	32	
BPPL	33	
BPPL	34	
BPPL	35	
BPPL	36	
BPPL	37	
BPPL	38	
BPPL	39	
BPPL	40	
BPPL	41	
BPPL	42	
BPPL	43	
BPPL	44	
BPPL	45	
BPPL	46	
BPPL	47	
BPPL	48	
BPPL	49	
BPPL	50	
BPPM	01	
BPPM	02	
BPPM	03	
BPPM	04	
BPPM	05	
BPPM	06	
BPPM	07	
BPPM	08	
BPPM	09	
BPPM	10	
BPPM	11	
BPPM	12	
BPPM	13	
BPPM	14	
BPPM	15	
BPPM	16	
BPPM	17	
BPPM	18	
BPPM	19	
BPPM	20	
BPPM	21	
BPPM	22	
BPPM	23	
BPPM	24	
BPPM	25	
BPPM	26	
BPPM	27	
BPPM	28	
BPPM	29	
BPPM	30	
BPPM	31	
BPPM	32	
BPPM	33	
BPPM	34	
BPPM	35	
BPPM	36	
BPPM	37	
BPPM	38	
BPPM	39	
BPPM	40	
BPPM	41	
BPPM	42	
BPPM	43	
BPPM	44	
BPPM	45	
BPPM	46	
BPPM	47	
BPPM	48	
BPPM	49	
BPPM	50	
BPPS	01	
BPPS	02	
BPPS	03	
BPPS	04	
BPPS	05	
BPPS	06	
BPPS	07	
BPPS	08	
BPPS	09	
BPPS	10	
BPPS	11	
BPPS	12	
BPPS	13	
BPPS	14	
BPPS	15	
BPPS	16	
BPPS	17	
BPPS	18	
BPPS	19	
BPPS	20	
BPPS	21	
BPPS	22	
BPPS	23	
BPPS	24	
BPPS	25	
BPPS	26	
BPPS	27	
BPPS	28	
BPPS	29	
BPPS	30	
BPPS	31	
BPPS	32	
BPPS	33	
BPPS	34	
BPPS	35	
BPPS	36	
BPPS	37	
BPPS	38	
BPPS	39	
BPPS	40	
BPPS	41	
BPPS	42	
BPPS	43	
BPPS	44	
BPPS	45	
BPPS	46	
BPPS	47	
BPPS	48	
BPPS	49	
BPPS	50	
BPPW	01	
BPPW	02	
BPPW	03	
BPPW	04	
BPPW	05	
BPPW	06	
BPPW	07	
BPPW	08	
BPPW	09	
BPPW	10	
BPPW	11	
BPPW	12	
BPPW	13	
BPPW	14	
BPPW	15	
BPPW	16	
BPPW	17	
BPPW	18	
BPPW	19	
BPPW	20	
BPPW	21	
BPPW	22	
BPPW	23	
BPPW	24	
BPPW	25	
BPPW	26	
BPPW	27	
BPPW	28	
BPPW	29	
BPPW	30	
BPPW	31	
BPPW	32	
BPPW	33	
BPPW	34	
BPPW	35	
BPPW	36	
BPPW	37	
BPPW	38	
BPPW	39	
BPPW	40	
BPPW	41	
BPPW	42	
BPPW	43	
BPPW	44	
BPPW	45	
BPPW	46	
BPPW	47	
BPPW	48	
BPPW	49	
BPPW	50	
BPTEA	01	
BPTEA	02	
BPTEA	3	slaughter_week_title_01	
BPTEA	4	slaughter_week_title_02	
BPTEA	5	slaughter_week_title_03	
BPTEA	6	slaughter_week_title_04	
BPTEA	7	slaughter_week_title_05	
BPTEA	8	slaughter_week_title_06	
BPTEA	9	slaughter_week_title_07	
BPTEA	10	slaughter_week_title_08	
BPTEA	11	slaughter_week_title_09	
BPTEA	12	slaughter_week_title_10	
BPTEA	13	titre_gloire_kitinierereine	
BPTEA	14	casino_title_1_index14	
BPTEA	15	casino_title_2_index15	
BSCEA	01	
BSCEA	02	
BSCEA	03	
BSCEA	04	
BSCMA	01	
BSCMB	01	
BSCMC	01	
BSCMD	01	
BSDMA	01	
BSDMA	02	
BSDMA	03	
BSDMA	04	
BSDMA	05	
BSDMA	06	
BSDMA	59	bspdma05	
BSDMA	60	bspdma04	
BSDMA	61	bspdma03	
BSDMA	62	bspdma02	
BSDMA	63	bspdma01	
BSFMA	01	
BSFMA	02	
BSFMA	03	
BSFMA	04	
BSFMA	05	
BSFMA	06	
BSFMB	01	
BSFMB	02	
BSFMB	03	
BSFMB	04	
BSFMB	05	
BSFMB	06	
BSFMB	07	
BSFMB	08	
BSFMB	09	
BSFMB	10	
BSFMB	11	
BSFMB	12	
BSFMC	01	
BSFMC	02	
BSFMC	03	
BSFMC	04	
BSFMC	05	
BSFMC	06	
BSFMC	07	
BSFMC	08	
BSFMC	09	
BSFMC	10	
BSFMC	11	
BSFMD	01	
BSFMD	02	
BSFMD	03	
BSFMD	04	
BSFMD	05	
BSFMD	06	
BSFME	01	
BSFME	02	
BSFME	03	
BSFME	04	
BSFME	05	
BSFME	06	
BSFMF	01	
BSFMF	02	
BSFMF	03	
BSFMF	04	
BSFMF	05	
BSFMF	06	
BSFMF	07	
BSFMF	08	
BSFMG	01	
BSFMG	02	
BSFMG	03	
BSFMG	04	
BSFMG	05	
BSFMH	01	
BSFMH	02	
BSFMH	03	
BSFMH	04	
BSFMH	05	
BSFMH	06	
BSFMH	07	
BSFMH	08	
BSFMH	09	
BSFMH	10	
BSFMH	11	
BSFMH	12	
BSFMH	13	
BSFMH	14	
BSFMH	15	
BSFMH	16	
BSFMH	17	
BSFMH	18	
BSFMH	19	
BSFMH	20	
BSFMH	21	
BSFMH	22	
BSFMH	23	
BSFMH	24	
BSFMH	25	
BSFMH	26	
BSFMH	39	bspfmh25	
BSFMH	40	bspfmh24	
BSFMH	41	bspfmh23	
BSFMH	42	bspfmh22	
BSFMH	43	bspfmh21	
BSFMH	44	bspfmh20	
BSFMH	45	bspfmh19	
BSFMH	46	bspfmh18	
BSFMH	47	bspfmh17	
BSFMH	48	bspfmh16	
BSFMH	49	bspfmh15	
BSFMH	50	bspfmh14	
BSFMH	51	bspfmh13	
BSFMH	52	bspfmh12	
BSFMH	53	bspfmh11	
BSFMH	54	bspfmh10	
BSFMH	55	bspfmh09	
BSFMH	56	bspfmh08	
BSFMH	57	bspfmh07	
BSFMH	58	bspfmh06	
BSFMH	59	bspfmh05	
BSFMH	60	bspfmh04	
BSFMH	61	bspfmh03	
BSFMH	62	bspfmh02	
BSFMH	63	bspfmh01	
BSFMI	01	
BSFMI	02	
BSFMI	03	
BSFMI	04	
BSFMI	05	
BSFMJ	01	
BSFMJ	02	
BSFMJ	03	
BSFMJ	04	
BSFMJ	05	
BSFMK	01	
BSFMK	02	
BSFMK	03	
BSFMK	04	
BSFMK	05	
BSFML	01	
BSFML	02	
BSFML	03	
BSFML	04	
BSFML	05	
BSGMA	01	
BSGMA	02	
BSGMA	03	
BSGMA	04	
BSGMA	05	
BSGMA	06	
BSGMA	07	
BSGMA	08	
BSGMA	09	
BSGMA	10	
BSGMA	11	
BSGMA	12	
BSGMA	13	
BSGMA	14	
BSGMA	15	
BSGMA	16	
BSGMA	17	
BSGMA	18	
BSGMA	19	
BSGMA	20	
BSGMA	21	
BSGMA	22	
BSGMA	23	
BSGMA	24	
BSGMA	25	
BSGMA	26	
BSGMA	39	bspgma25	
BSGMA	40	bspgma24	
BSGMA	41	bspgma23	
BSGMA	42	bspgma22	
BSGMA	43	bspgma21	
BSGMA	44	bspgma20	
BSGMA	45	bspgma19	
BSGMA	46	bspgma18	
BSGMA	47	bspgma17	
BSGMA	48	bspgma16	
BSGMA	49	bspgma15	
BSGMA	50	bspgma14	
BSGMA	51	bspgma13	
BSGMA	52	bspgma12	
BSGMA	53	bspgma11	
BSGMA	54	bspgma10	
BSGMA	55	bspgma09	
BSGMA	56	bspgma08	
BSGMA	57	bspgma07	
BSGMA	58	bspgma06	
BSGMA	59	bspgma05	
BSGMA	60	bspgma04	
BSGMA	61	bspgma03	
BSGMA	62	bspgma02	
BSGMA	63	bspgma01	
BSGMB	01	
BSGMB	02	
BSGMB	03	
BSGMB	04	
BSGMB	05	
BSGMB	06	
BSGMB	07	
BSGMBA	01	
BSGMBA	02	
BSGMBA	03	
BSGMBC	01	
BSGMBC	02	
BSGMBC	03	
BSGMBE	01	
BSGMBE	02	
BSGMBE	03	
BSGMBF	01	
BSGMBF	02	
BSGMBF	03	
BSGMBP	01	
BSGMBP	02	
BSGMBP	03	
BSGMBR	01	
BSGMBR	02	
BSGMBR	03	
BSGMBS	01	
BSGMBS	02	
BSGMBS	03	
BSMMA	01	
BSMMA	02	
BSMMA	03	
BSMMA	04	
BSMMA	05	
BSMMA	06	
BSMMA	07	
BSMMA	08	
BSMMA	09	
BSMMA	10	
BSMMA	11	
BSMMB	01	
BSMMB	02	
BSMMB	03	
BSMMB	04	
BSMMB	05	
BSMMB	06	
BSMMC	01	
BSMMC	02	
BSMMC	03	
BSMMC	04	
BSMMD	01	
BSMMD	02	
BSMMD	03	
BSMMD	04	
BSMMD	05	
BSMMD	06	
BSMMD	07	
BSMMD	08	
BSMMD	09	
BSMMD	10	
BSMMD	11	
BSMMD	12	
BSMMD	13	
BSMMD	14	
BSMMD	15	
BSMMD	16	
BSMMD	17	
BSMMD	18	
BSMMD	19	
BSMMD	20	
BSMMD	21	
BSMMD	22	
BSMMD	23	
BSMMD	24	
BSMMD	25	
BSMMD	26	
BSMMD	39	bspmmd25	
BSMMD	40	bspmmd24	
BSMMD	41	bspmmd23	
BSMMD	42	bspmmd22	
BSMMD	43	bspmmd21	
BSMMD	44	bspmmd20	
BSMMD	45	bspmmd19	
BSMMD	46	bspmmd18	
BSMMD	47	bspmmd17	
BSMMD	48	bspmmd16	
BSMMD	49	bspmmd15	
BSMMD	50	bspmmd14	
BSMMD	51	bspmmd13	
BSMMD	52	bspmmd12	
BSMMD	53	bspmmd11	
BSMMD	54	bspmmd10	
BSMMD	55	bspmmd09	
BSMMD	56	bspmmd08	
BSMMD	57	bspmmd07	
BSMMD	58	bspmmd06	
BSMMD	59	bspmmd05	
BSMMD	60	bspmmd04	
BSMMD	61	bspmmd03	
BSMMD	62	bspmmd02	
BSMMD	63	bspmmd01	
BSXCA	01	
BSXCA	02	
BSXCA	03	
BSXCA	04	
BSXCA	05	
BSXCA	06	
BSXCA	07	
BSXCA	08	
BSXCA	09	
BSXCA	10	
BSXCA	11	
BSXCA	12	
BSXCA	13	
BSXCA	14	
BSXCA	15	
BSXCA	16	
BSXCA	17	
BSXCA	18	
BSXCA	19	
BSXCA	20	
BSXCA	21	
BSXCA	22	
BSXCA	23	
BSXCA	24	
BSXCA	25	
BSXCA	26	
BSXEA	01	bsfea01	
BSXEA	02	bsfea02	
BSXEA	03	bsdea03	
BSXEA	04	
BSXEA	05	bsfea05	
BSXEA	06	bsmea06	
BSXEA	07	
BSXEA	08	bsfea08	
BSXEA	09	bsmea09	
BSXEA	10	bsgea10	
BSXEA	11	
BSXEB	01	
BSXEB	02	
BSXEB	03	
BSXEB	04	bsfeb04	
BSXEB	05	bsfeb05	
BSXEB	06	bsmeb06	
BSXEB	07	bsfeb07	
BSXEB	08	bsfeb08	
BSXEB	09	bsfeb09	
BSXEB	10	bsfeb10	
BSXEB	11	bsfeb11	
BSXMA	01	
BSXMA	02	
BSXMA	03	
BSXMA	04	
BSXMA	05	
BSXMA	06	
BSXMA	07	
BSXMA	08	
BSXMA	09	
BSXMA	10	
BSXMA	11	
BSXMB	01	
BSXMB	02	
BSXMB	03	
BSXMB	04	
BSXMB	05	
BSXMB	06	
BSXMB	59	bspxmb05	
BSXMB	60	bspxmb04	
BSXMB	61	bspxmb03	
BSXMB	62	bspxmb02	
BSXMB	63	bspxmb01	
BSXMC	01	
BSXMC	02	
BSXMC	03	
BSXMC	04	
BSXMC	05	
BSXMC	06	
BSXMC	07	
BSXMC	08	
BSXMC	09	
BSXMC	10	
BSXMC	11	
BSXMC	12	
BSXMC	13	
BSXMC	14	
BSXMC	15	
BSXMC	16	
BSXMC	17	
BSXMC	18	
BSXMC	19	
BSXMC	20	
BSXMC	21	
BSXMC	22	
BSXMC	23	
BSXMC	24	
BSXMC	25	
BSXMC	26	
BSXMC	39	bspxmc25	
BSXMC	40	bspxmc24	
BSXMC	41	bspxmc23	
BSXMC	42	bspxmc22	
BSXMC	43	bspxmc21	
BSXMC	44	bspxmc20	
BSXMC	45	bspxmc19	
BSXMC	46	bspxmc18	
BSXMC	47	bspxmc17	
BSXMC	48	bspxmc16	
BSXMC	49	bspxmc15	
BSXMC	50	bspxmc14	
BSXMC	51	bspxmc13	
BSXMC	52	bspxmc12	
BSXMC	53	bspxmc11	
BSXMC	54	bspxmc10	
BSXMC	55	bspxmc09	
BSXMC	56	bspxmc08	
BSXMC	57	bspxmc07	
BSXMC	58	bspxmc06	
BSXMC	59	bspxmc05	
BSXMC	60	bspxmc04	
BSXMC	61	bspxmc03	
BSXMC	62	bspxmc02	
BSXMC	63	bspxmc01	
BSXPA	01	
BSXPA	02	
BSXPA	03	
BTFOC	01	
BTFOC	02	
BTFOC	03	
BTFOC	04	
BTFOC	05	
BTFOC	06	
BTFOC	07	
BTFOC	08	
BTFOC	09	
BTFOC	10	
BTFOC	11	
BTFOC	12	
BTFOC	13	
BTFOC	14	
BTFOC	15	
BTFOC	16	
BTFOC	17	
BTFOC	18	
BTFOC	19	
BTFOC	20	
BTHP	01	
BTHP	02	
BTHP	03	
BTHP	04	
BTHP	05	
BTHP	06	
BTHP	07	
BTHP	08	
BTHP	09	
BTHP	10	
BTHP	11	
BTHP	12	
BTHP	13	
BTHP	14	
BTHP	15	
BTHP	16	
BTHP	17	
BTHP	18	
BTHP	19	
BTHP	20	
BTSAP	01	
BTSAP	02	
BTSAP	03	
BTSAP	04	
BTSAP	05	
BTSAP	06	
BTSAP	07	
BTSAP	08	
BTSAP	09	
BTSAP	10	
BTSAP	11	
BTSAP	12	
BTSAP	13	
BTSAP	14	
BTSAP	15	
BTSAP	16	
BTSAP	17	
BTSAP	18	
BTSAP	19	
BTSAP	20	
BTSTA	01	
BTSTA	02	
BTSTA	03	
BTSTA	04	
BTSTA	05	
BTSTA	06	
BTSTA	07	
BTSTA	08	
BTSTA	09	
BTSTA	10	
BTSTA	11	
BTSTA	12	
BTSTA	13	
BTSTA	14	
BTSTA	15	
BTSTA	16	
BTSTA	17	
BTSTA	18	
BTSTA	19	
BTSTA	20	
RootHarvest	2	bhq01	
