iccm1bm	iccm1bm	item	crafted	common	melee	one-handed	blunt	mace
iccm1pd	iccm1pd	item	crafted	common	melee	one-handed	piercing	dagger
iccm1sa	iccm1sa	item	crafted	common	melee	one-handed	slashing	axe
iccm1ss	iccm1ss	item	crafted	common	melee	one-handed	slashing	sword
icfacp	icfacp	item	crafted	fyros	light	caster	armor	pants
icfacp_2	icfacp_2	item	crafted	fyros	light	caster	armor	pants	mq
icfacp_3	icfacp_3	item	crafted	fyros	light	caster	armor	pants	hq
icfahb	icfahb	item	crafted	fyros	heavy	armor	boots
icfahb_2	icfahb_2	item	crafted	fyros	heavy	armor	boots	mq
icfahb_3	icfahb_3	item	crafted	fyros	heavy	armor	boots	hq
icfahg	icfahg	item	crafted	fyros	heavy	armor	gloves	hands
icfahg_2	icfahg_2	item	crafted	fyros	heavy	armor	gloves	hands	mq
icfahg_3	icfahg_3	item	crafted	fyros	heavy	armor	gloves	hands	hq
icfahh	icfahh	item	crafted	fyros	heavy	armor	helmet
icfahh_2	icfahh_2	item	crafted	fyros	heavy	armor	helmet	mq
icfahh_3	icfahh_3	item	crafted	fyros	heavy	armor	helmet	hq
icfahp	icfahp	item	crafted	fyros	heavy	armor	pants
icfahp_2	icfahp_2	item	crafted	fyros	heavy	armor	pants	mq
icfahp_3	icfahp_3	item	crafted	fyros	heavy	armor	pants	hq
icfahs	icfahs	item	crafted	fyros	heavy	armor	sleeves
icfahs_2	icfahs_2	item	crafted	fyros	heavy	armor	sleeves	mq
icfahs_3	icfahs_3	item	crafted	fyros	heavy	armor	sleeves	hq
icfahv	icfahv	item	crafted	fyros	heavy	armor	vest
icfahv_2	icfahv_2	item	crafted	fyros	heavy	armor	vest	mq
icfahv_3	icfahv_3	item	crafted	fyros	heavy	armor	vest	hq
icfalb	icfalb	item	crafted	fyros	light	armor	boots
icfalb_2	icfalb_2	item	crafted	fyros	light	armor	boots	mq
icfalb_3	icfalb_3	item	crafted	fyros	light	armor	boots	hq
icfalg	icfalg	item	crafted	fyros	light	armor	gloves	hands
icfalg_2	icfalg_2	item	crafted	fyros	light	armor	gloves	hands	mq
icfalg_3	icfalg_3	item	crafted	fyros	light	armor	gloves	hands	hq
icfalp	icfalp	item	crafted	fyros	light	armor	pants
icfalp_2	icfalp_2	item	crafted	fyros	light	armor	pants	mq
icfalp_3	icfalp_3	item	crafted	fyros	light	armor	pants	hq
icfals	icfals	item	crafted	fyros	light	armor	sleeves
icfals_2	icfals_2	item	crafted	fyros	light	armor	sleeves	mq
icfals_3	icfals_3	item	crafted	fyros	light	armor	sleeves	hq
icfalv	icfalv	item	crafted	fyros	light	armor	vest
icfalv_2	icfalv_2	item	crafted	fyros	light	armor	vest	mq
icfalv_3	icfalv_3	item	crafted	fyros	light	armor	vest	hq
icfamb	icfamb	item	crafted	fyros	medium	armor	boots
icfamb_2	icfamb_2	item	crafted	fyros	medium	armor	boots	mq
icfamb_3	icfamb_3	item	crafted	fyros	medium	armor	boots	hq
icfamg	icfamg	item	crafted	fyros	medium	armor	gloves	hands
icfamg_2	icfamg_2	item	crafted	fyros	medium	armor	gloves	hands	mq
icfamg_3	icfamg_3	item	crafted	fyros	medium	armor	gloves	hands	hq
icfamp	icfamp	item	crafted	fyros	medium	armor	pants
icfamp_2	icfamp_2	item	crafted	fyros	medium	armor	pants	mq
icfamp_3	icfamp_3	item	crafted	fyros	medium	armor	pants	hq
icfams	icfams	item	crafted	fyros	medium	armor	sleeves
icfams_2	icfams_2	item	crafted	fyros	medium	armor	sleeves	mq
icfams_3	icfams_3	item	crafted	fyros	medium	armor	sleeves	hq
icfamv	icfamv	item	crafted	fyros	medium	armor	vest
icfamv_2	icfamv_2	item	crafted	fyros	medium	armor	vest	mq
icfamv_3	icfamv_3	item	crafted	fyros	medium	armor	vest	hq
icfm1bm	icfm1bm	item	crafted	fyros	melee	one-handed	blunt	mace
icfm1bm_2	icfm1bm_2	item	crafted	fyros	melee	one-handed	blunt	mace	mq
icfm1bm_3	icfm1bm_3	item	crafted	fyros	melee	one-handed	blunt	mace	hq
icfm1pd	icfm1pd	item	crafted	fyros	melee	one-handed	piercing	dagger
icfm1pd_2	icfm1pd_2	item	crafted	fyros	melee	one-handed	piercing	dagger	mq
icfm1pd_3	icfm1pd_3	item	crafted	fyros	melee	one-handed	piercing	dagger	hq
icfm1ps	icfm1ps	item	crafted	fyros	melee	one-handed	piercing	spear
icfm1ps_2	icfm1ps_2	item	crafted	fyros	melee	one-handed	piercing	spear	mq
icfm1ps_3	icfm1ps_3	item	crafted	fyros	melee	one-handed	piercing	spear	hq
icfm1sa	icfm1sa	item	crafted	fyros	melee	one-handed	slashing	axe
icfm1sa_2	icfm1sa_2	item	crafted	fyros	melee	one-handed	slashing	axe	mq
icfm1sa_3	icfm1sa_3	item	crafted	fyros	melee	one-handed	slashing	axe	hq
icfm1ss	icfm1ss	item	crafted	fyros	melee	one-handed	slashing	sword
icfm1ss_2	icfm1ss_2	item	crafted	fyros	melee	one-handed	slashing	sword	mq
icfm1ss_3	icfm1ss_3	item	crafted	fyros	melee	one-handed	slashing	sword	hq
icfm2bm	icfm2bm	item	crafted	fyros	melee	two-handed	blunt	mace
icfm2bm_2	icfm2bm_2	item	crafted	fyros	melee	two-handed	blunt	mace	mq
icfm2bm_3	icfm2bm_3	item	crafted	fyros	melee	two-handed	blunt	mace	hq
icfm2ms	icfm2ms	item	crafted	fyros	melee	two-handed	magic	amplifier	gloves
icfm2ms_2	icfm2ms_2	item	crafted	fyros	melee	two-handed	magic	amplifier	gloves	mq
icfm2ms_3	icfm2ms_3	item	crafted	fyros	melee	two-handed	magic	amplifier	gloves	hq
icfm2pp	icfm2pp	item	crafted	fyros	melee	two-handed	piercing	pike
icfm2pp_2	icfm2pp_2	item	crafted	fyros	melee	two-handed	piercing	pike	mq
icfm2pp_3	icfm2pp_3	item	crafted	fyros	melee	two-handed	piercing	pike	hq
icfm2sa	icfm2sa	item	crafted	fyros	melee	two-handed	slashing	axe
icfm2sa_2	icfm2sa_2	item	crafted	fyros	melee	two-handed	slashing	axe	mq
icfm2sa_3	icfm2sa_3	item	crafted	fyros	melee	two-handed	slashing	axe	hq
icfm2ss	icfm2ss	item	crafted	fyros	melee	two-handed	slashing	sword
icfm2ss_2	icfm2ss_2	item	crafted	fyros	melee	two-handed	slashing	sword	mq
icfm2ss_3	icfm2ss_3	item	crafted	fyros	melee	two-handed	slashing	sword	hq
icfsb	icfsb	item	crafted	fyros	buckler	shield
icfsb_2	icfsb_2	item	crafted	fyros	buckler	shield	mq
icfsb_3	icfsb_3	item	crafted	fyros	buckler	shield	hq
icfss	icfss	item	crafted	fyros	large	shield
icfss_2	icfss_2	item	crafted	fyros	large	shield	mq
icfss_3	icfss_3	item	crafted	fyros	large	shield	hq
icmacp	icmacp	item	crafted	matis	light	caster	armor	pants
icmacp_2	icmacp_2	item	crafted	matis	light	caster	armor	pants	mq
icmacp_3	icmacp_3	item	crafted	matis	light	caster	armor	pants	hq
icmahb	icmahb	item	crafted	matis	heavy	armor	boots
icmahb_2	icmahb_2	item	crafted	matis	heavy	armor	boots	mq
icmahb_3	icmahb_3	item	crafted	matis	heavy	armor	boots	hq
icmahg	icmahg	item	crafted	matis	heavy	armor	gloves	hands
icmahg_2	icmahg_2	item	crafted	matis	heavy	armor	gloves	hands	mq
icmahg_3	icmahg_3	item	crafted	matis	heavy	armor	gloves	hands	hq
icmahh	icmahh	item	crafted	matis	heavy	armor	helmet
icmahh_2	icmahh_2	item	crafted	matis	heavy	armor	helmet	mq
icmahh_3	icmahh_3	item	crafted	matis	heavy	armor	helmet	hq
icmahp	icmahp	item	crafted	matis	heavy	armor	pants
icmahp_2	icmahp_2	item	crafted	matis	heavy	armor	pants	mq
icmahp_3	icmahp_3	item	crafted	matis	heavy	armor	pants	hq
icmahs	icmahs	item	crafted	matis	heavy	armor	sleeves
icmahs_2	icmahs_2	item	crafted	matis	heavy	armor	sleeves	mq
icmahs_3	icmahs_3	item	crafted	matis	heavy	armor	sleeves	hq
icmahv	icmahv	item	crafted	matis	heavy	armor	vest
icmahv_2	icmahv_2	item	crafted	matis	heavy	armor	vest	mq
icmahv_3	icmahv_3	item	crafted	matis	heavy	armor	vest	hq
icmalb	icmalb	item	crafted	matis	light	armor	boots
icmalb_2	icmalb_2	item	crafted	matis	light	armor	boots	mq
icmalb_3	icmalb_3	item	crafted	matis	light	armor	boots	hq
icmalg	icmalg	item	crafted	matis	light	armor	gloves	hands
icmalg_2	icmalg_2	item	crafted	matis	light	armor	gloves	hands	mq
icmalg_3	icmalg_3	item	crafted	matis	light	armor	gloves	hands	hq
icmalp	icmalp	item	crafted	matis	light	armor	pants
icmalp_2	icmalp_2	item	crafted	matis	light	armor	pants	mq
icmalp_3	icmalp_3	item	crafted	matis	light	armor	pants	hq
icmals	icmals	item	crafted	matis	light	armor	sleeves
icmals_2	icmals_2	item	crafted	matis	light	armor	sleeves	mq
icmals_3	icmals_3	item	crafted	matis	light	armor	sleeves	hq
icmalv	icmalv	item	crafted	matis	light	armor	vest
icmalv_2	icmalv_2	item	crafted	matis	light	armor	vest	mq
icmalv_3	icmalv_3	item	crafted	matis	light	armor	vest	hq
icmamb	icmamb	item	crafted	matis	medium	armor	boots
icmamb_2	icmamb_2	item	crafted	matis	medium	armor	boots	mq
icmamb_3	icmamb_3	item	crafted	matis	medium	armor	boots	hq
icmamg	icmamg	item	crafted	matis	medium	armor	gloves	hands
icmamg_2	icmamg_2	item	crafted	matis	medium	armor	gloves	hands	mq
icmamg_3	icmamg_3	item	crafted	matis	medium	armor	gloves	hands	hq
icmamp	icmamp	item	crafted	matis	medium	armor	pants
icmamp_2	icmamp_2	item	crafted	matis	medium	armor	pants	mq
icmamp_3	icmamp_3	item	crafted	matis	medium	armor	pants	hq
icmams	icmams	item	crafted	matis	medium	armor	sleeves
icmams_2	icmams_2	item	crafted	matis	medium	armor	sleeves	mq
icmams_3	icmams_3	item	crafted	matis	medium	armor	sleeves	hq
icmamv	icmamv	item	crafted	matis	medium	armor	vest
icmamv_2	icmamv_2	item	crafted	matis	medium	armor	vest	mq
icmamv_3	icmamv_3	item	crafted	matis	medium	armor	vest	hq
icmm1bm	icmm1bm	item	crafted	matis	melee	one-handed	blunt	mace
icmm1bm_2	icmm1bm_2	item	crafted	matis	melee	one-handed	blunt	mace	mq
icmm1bm_3	icmm1bm_3	item	crafted	matis	melee	one-handed	blunt	mace	hq
icmm1pd	icmm1pd	item	crafted	matis	melee	one-handed	piercing	dagger
icmm1pd_2	icmm1pd_2	item	crafted	matis	melee	one-handed	piercing	dagger	mq
icmm1pd_3	icmm1pd_3	item	crafted	matis	melee	one-handed	piercing	dagger	hq
icmm1ps	icmm1ps	item	crafted	matis	melee	one-handed	piercing	spear
icmm1ps_2	icmm1ps_2	item	crafted	matis	melee	one-handed	piercing	spear	mq
icmm1ps_3	icmm1ps_3	item	crafted	matis	melee	one-handed	piercing	spear	hq
icmm1sa	icmm1sa	item	crafted	matis	melee	one-handed	slashing	axe
icmm1sa_2	icmm1sa_2	item	crafted	matis	melee	one-handed	slashing	axe	mq
icmm1sa_3	icmm1sa_3	item	crafted	matis	melee	one-handed	slashing	axe	hq
icmm1ss	icmm1ss	item	crafted	matis	melee	one-handed	slashing	sword
icmm1ss_2	icmm1ss_2	item	crafted	matis	melee	one-handed	slashing	sword	mq
icmm1ss_3	icmm1ss_3	item	crafted	matis	melee	one-handed	slashing	sword	hq
icmm2bm	icmm2bm	item	crafted	matis	melee	two-handed	blunt	mace
icmm2bm_2	icmm2bm_2	item	crafted	matis	melee	two-handed	blunt	mace	mq
icmm2bm_3	icmm2bm_3	item	crafted	matis	melee	two-handed	blunt	mace	hq
icmm2ms	icmm2ms	item	crafted	matis	melee	two-handed	magic	amplifier	gloves
icmm2ms_2	icmm2ms_2	item	crafted	matis	melee	two-handed	magic	amplifier	gloves	mq
icmm2ms_3	icmm2ms_3	item	crafted	matis	melee	two-handed	magic	amplifier	gloves	hq
icmm2pp	icmm2pp	item	crafted	matis	melee	two-handed	piercing	pike
icmm2pp_2	icmm2pp_2	item	crafted	matis	melee	two-handed	piercing	pike	mq
icmm2pp_3	icmm2pp_3	item	crafted	matis	melee	two-handed	piercing	pike	hq
icmm2sa	icmm2sa	item	crafted	matis	melee	two-handed	slashing	axe
icmm2sa_2	icmm2sa_2	item	crafted	matis	melee	two-handed	slashing	axe	mq
icmm2sa_3	icmm2sa_3	item	crafted	matis	melee	two-handed	slashing	axe	hq
icmm2ss	icmm2ss	item	crafted	matis	melee	two-handed	slashing	sword
icmm2ss_2	icmm2ss_2	item	crafted	matis	melee	two-handed	slashing	sword	mq
icmm2ss_3	icmm2ss_3	item	crafted	matis	melee	two-handed	slashing	sword	hq
icmsb	icmsb	item	crafted	matis	buckler	shield
icmsb_2	icmsb_2	item	crafted	matis	buckler	shield	mq
icmsb_3	icmsb_3	item	crafted	matis	buckler	shield	hq
icmss	icmss	item	crafted	matis	large	shield
icmss_2	icmss_2	item	crafted	matis	large	shield	mq
icmss_3	icmss_3	item	crafted	matis	large	shield	hq
icravr	icravr	item	crafted	refugee	armor	vest	color	red
ictacp	ictacp	item	crafted	tryker	light	caster	armor	pants
ictacp_2	ictacp_2	item	crafted	tryker	light	caster	armor	pants	mq
ictacp_3	ictacp_3	item	crafted	tryker	light	caster	armor	pants	hq
ictahb	ictahb	item	crafted	tryker	heavy	armor	boots
ictahb_2	ictahb_2	item	crafted	tryker	heavy	armor	boots	mq
ictahb_3	ictahb_3	item	crafted	tryker	heavy	armor	boots	hq
ictahg	ictahg	item	crafted	tryker	heavy	armor	gloves	hands
ictahg_2	ictahg_2	item	crafted	tryker	heavy	armor	gloves	hands	mq
ictahg_3	ictahg_3	item	crafted	tryker	heavy	armor	gloves	hands	hq
ictahh	ictahh	item	crafted	tryker	heavy	armor	helmet
ictahh_2	ictahh_2	item	crafted	tryker	heavy	armor	helmet	mq
ictahh_3	ictahh_3	item	crafted	tryker	heavy	armor	helmet	hq
ictahp	ictahp	item	crafted	tryker	heavy	armor	pants
ictahp_2	ictahp_2	item	crafted	tryker	heavy	armor	pants	mq
ictahp_3	ictahp_3	item	crafted	tryker	heavy	armor	pants	hq
ictahs	ictahs	item	crafted	tryker	heavy	armor	sleeves
ictahs_2	ictahs_2	item	crafted	tryker	heavy	armor	sleeves	mq
ictahs_3	ictahs_3	item	crafted	tryker	heavy	armor	sleeves	hq
ictahv	ictahv	item	crafted	tryker	heavy	armor	vest
ictahv_2	ictahv_2	item	crafted	tryker	heavy	armor	vest	mq
ictahv_3	ictahv_3	item	crafted	tryker	heavy	armor	vest	hq
ictalb	ictalb	item	crafted	tryker	light	armor	boots
ictalb_2	ictalb_2	item	crafted	tryker	light	armor	boots	mq
ictalb_3	ictalb_3	item	crafted	tryker	light	armor	boots	hq
ictalg	ictalg	item	crafted	tryker	light	armor	gloves	hands
ictalg_2	ictalg_2	item	crafted	tryker	light	armor	gloves	hands	mq
ictalg_3	ictalg_3	item	crafted	tryker	light	armor	gloves	hands	hq
ictalp	ictalp	item	crafted	tryker	light	armor	pants
ictalp_2	ictalp_2	item	crafted	tryker	light	armor	pants	mq
ictalp_3	ictalp_3	item	crafted	tryker	light	armor	pants	hq
ictals	ictals	item	crafted	tryker	light	armor	sleeves
ictals_2	ictals_2	item	crafted	tryker	light	armor	sleeves	mq
ictals_3	ictals_3	item	crafted	tryker	light	armor	sleeves	hq
ictalv	ictalv	item	crafted	tryker	light	armor	vest
ictalv_2	ictalv_2	item	crafted	tryker	light	armor	vest	mq
ictalv_3	ictalv_3	item	crafted	tryker	light	armor	vest	hq
ictamb	ictamb	item	crafted	tryker	medium	armor	boots
ictamb_2	ictamb_2	item	crafted	tryker	medium	armor	boots	mq
ictamb_3	ictamb_3	item	crafted	tryker	medium	armor	boots	hq
ictamg	ictamg	item	crafted	tryker	medium	armor	gloves	hands
ictamg_2	ictamg_2	item	crafted	tryker	medium	armor	gloves	hands	mq
ictamg_3	ictamg_3	item	crafted	tryker	medium	armor	gloves	hands	hq
ictamp	ictamp	item	crafted	tryker	medium	armor	pants
ictamp_2	ictamp_2	item	crafted	tryker	medium	armor	pants	mq
ictamp_3	ictamp_3	item	crafted	tryker	medium	armor	pants	hq
ictams	ictams	item	crafted	tryker	medium	armor	sleeves
ictams_2	ictams_2	item	crafted	tryker	medium	armor	sleeves	mq
ictams_3	ictams_3	item	crafted	tryker	medium	armor	sleeves	hq
ictamv	ictamv	item	crafted	tryker	medium	armor	vest
ictamv_2	ictamv_2	item	crafted	tryker	medium	armor	vest	mq
ictamv_3	ictamv_3	item	crafted	tryker	medium	armor	vest	hq
ictm1bm	ictm1bm	item	crafted	tryker	melee	one-handed	blunt	mace
ictm1bm_2	ictm1bm_2	item	crafted	tryker	melee	one-handed	blunt	mace	mq
ictm1bm_3	ictm1bm_3	item	crafted	tryker	melee	one-handed	blunt	mace	hq
ictm1pd	ictm1pd	item	crafted	tryker	melee	one-handed	piercing	dagger
ictm1pd_2	ictm1pd_2	item	crafted	tryker	melee	one-handed	piercing	dagger	mq
ictm1pd_3	ictm1pd_3	item	crafted	tryker	melee	one-handed	piercing	dagger	hq
ictm1ps	ictm1ps	item	crafted	tryker	melee	one-handed	piercing	spear
ictm1ps_2	ictm1ps_2	item	crafted	tryker	melee	one-handed	piercing	spear	mq
ictm1ps_3	ictm1ps_3	item	crafted	tryker	melee	one-handed	piercing	spear	hq
ictm1sa	ictm1sa	item	crafted	tryker	melee	one-handed	slashing	axe
ictm1sa_2	ictm1sa_2	item	crafted	tryker	melee	one-handed	slashing	axe	mq
ictm1sa_3	ictm1sa_3	item	crafted	tryker	melee	one-handed	slashing	axe	hq
ictm1ss	ictm1ss	item	crafted	tryker	melee	one-handed	slashing	sword
ictm1ss_2	ictm1ss_2	item	crafted	tryker	melee	one-handed	slashing	sword	mq
ictm1ss_3	ictm1ss_3	item	crafted	tryker	melee	one-handed	slashing	sword	hq
ictm2bm	ictm2bm	item	crafted	tryker	melee	two-handed	blunt	mace
ictm2bm_2	ictm2bm_2	item	crafted	tryker	melee	two-handed	blunt	mace	mq
ictm2bm_3	ictm2bm_3	item	crafted	tryker	melee	two-handed	blunt	mace	hq
ictm2ms	ictm2ms	item	crafted	tryker	melee	two-handed	magic	amplifier	gloves
ictm2ms_2	ictm2ms_2	item	crafted	tryker	melee	two-handed	magic	amplifier	gloves	mq
ictm2ms_3	ictm2ms_3	item	crafted	tryker	melee	two-handed	magic	amplifier	gloves	hq
ictm2pp	ictm2pp	item	crafted	tryker	melee	two-handed	piercing	pike
ictm2pp_2	ictm2pp_2	item	crafted	tryker	melee	two-handed	piercing	pike	mq
ictm2pp_3	ictm2pp_3	item	crafted	tryker	melee	two-handed	piercing	pike	hq
ictm2sa	ictm2sa	item	crafted	tryker	melee	two-handed	slashing	axe
ictm2sa_2	ictm2sa_2	item	crafted	tryker	melee	two-handed	slashing	axe	mq
ictm2sa_3	ictm2sa_3	item	crafted	tryker	melee	two-handed	slashing	axe	hq
ictm2ss	ictm2ss	item	crafted	tryker	melee	two-handed	slashing	sword
ictm2ss_2	ictm2ss_2	item	crafted	tryker	melee	two-handed	slashing	sword	mq
ictm2ss_3	ictm2ss_3	item	crafted	tryker	melee	two-handed	slashing	sword	hq
ictsb	ictsb	item	crafted	tryker	buckler	shield
ictsb_2	ictsb_2	item	crafted	tryker	buckler	shield	mq
ictsb_3	ictsb_3	item	crafted	tryker	buckler	shield	hq
ictss	ictss	item	crafted	tryker	large	shield
ictss_2	ictss_2	item	crafted	tryker	large	shield	mq
ictss_3	ictss_3	item	crafted	tryker	large	shield	hq
iczacp	iczacp	item	crafted	zorai	light	caster	armor	pants
iczacp_2	iczacp_2	item	crafted	zorai	light	caster	armor	pants	mq
iczacp_3	iczacp_3	item	crafted	zorai	light	caster	armor	pants	hq
iczahb	iczahb	item	crafted	zorai	heavy	armor	boots
iczahb_2	iczahb_2	item	crafted	zorai	heavy	armor	boots	mq
iczahb_3	iczahb_3	item	crafted	zorai	heavy	armor	boots	hq
iczahg	iczahg	item	crafted	zorai	heavy	armor	gloves	hands
iczahg_2	iczahg_2	item	crafted	zorai	heavy	armor	gloves	hands	mq
iczahg_3	iczahg_3	item	crafted	zorai	heavy	armor	gloves	hands	hq
iczahh	iczahh	item	crafted	zorai	heavy	armor	helmet
iczahh_2	iczahh_2	item	crafted	zorai	heavy	armor	helmet	mq
iczahh_3	iczahh_3	item	crafted	zorai	heavy	armor	helmet	hq
iczahp	iczahp	item	crafted	zorai	heavy	armor	pants
iczahp_2	iczahp_2	item	crafted	zorai	heavy	armor	pants	mq
iczahp_3	iczahp_3	item	crafted	zorai	heavy	armor	pants	hq
iczahs	iczahs	item	crafted	zorai	heavy	armor	sleeves
iczahs_2	iczahs_2	item	crafted	zorai	heavy	armor	sleeves	mq
iczahs_3	iczahs_3	item	crafted	zorai	heavy	armor	sleeves	hq
iczahv	iczahv	item	crafted	zorai	heavy	armor	vest
iczahv_2	iczahv_2	item	crafted	zorai	heavy	armor	vest	mq
iczahv_3	iczahv_3	item	crafted	zorai	heavy	armor	vest	hq
iczalb	iczalb	item	crafted	zorai	light	armor	boots
iczalb_2	iczalb_2	item	crafted	zorai	light	armor	boots	mq
iczalb_3	iczalb_3	item	crafted	zorai	light	armor	boots	hq
iczalg	iczalg	item	crafted	zorai	light	armor	gloves	hands
iczalg_2	iczalg_2	item	crafted	zorai	light	armor	gloves	hands	mq
iczalg_3	iczalg_3	item	crafted	zorai	light	armor	gloves	hands	hq
iczalp	iczalp	item	crafted	zorai	light	armor	pants
iczalp_2	iczalp_2	item	crafted	zorai	light	armor	pants	mq
iczalp_3	iczalp_3	item	crafted	zorai	light	armor	pants	hq
iczals	iczals	item	crafted	zorai	light	armor	sleeves
iczals_2	iczals_2	item	crafted	zorai	light	armor	sleeves	mq
iczals_3	iczals_3	item	crafted	zorai	light	armor	sleeves	hq
iczalv	iczalv	item	crafted	zorai	light	armor	vest
iczalv_2	iczalv_2	item	crafted	zorai	light	armor	vest	mq
iczalv_3	iczalv_3	item	crafted	zorai	light	armor	vest	hq
iczamb	iczamb	item	crafted	zorai	medium	armor	boots
iczamb_2	iczamb_2	item	crafted	zorai	medium	armor	boots	mq
iczamb_3	iczamb_3	item	crafted	zorai	medium	armor	boots	hq
iczamg	iczamg	item	crafted	zorai	medium	armor	gloves	hands
iczamg_2	iczamg_2	item	crafted	zorai	medium	armor	gloves	hands	mq
iczamg_3	iczamg_3	item	crafted	zorai	medium	armor	gloves	hands	hq
iczamp	iczamp	item	crafted	zorai	medium	armor	pants
iczamp_2	iczamp_2	item	crafted	zorai	medium	armor	pants	mq
iczamp_3	iczamp_3	item	crafted	zorai	medium	armor	pants	hq
iczams	iczams	item	crafted	zorai	medium	armor	sleeves
iczams_2	iczams_2	item	crafted	zorai	medium	armor	sleeves	mq
iczams_3	iczams_3	item	crafted	zorai	medium	armor	sleeves	hq
iczamv	iczamv	item	crafted	zorai	medium	armor	vest
iczamv_2	iczamv_2	item	crafted	zorai	medium	armor	vest	mq
iczamv_3	iczamv_3	item	crafted	zorai	medium	armor	vest	hq
iczm1bm	iczm1bm	item	crafted	zorai	melee	one-handed	blunt	mace
iczm1bm_2	iczm1bm_2	item	crafted	zorai	melee	one-handed	blunt	mace	mq
iczm1bm_3	iczm1bm_3	item	crafted	zorai	melee	one-handed	blunt	mace	hq
iczm1pd	iczm1pd	item	crafted	zorai	melee	one-handed	piercing	dagger
iczm1pd_2	iczm1pd_2	item	crafted	zorai	melee	one-handed	piercing	dagger	mq
iczm1pd_3	iczm1pd_3	item	crafted	zorai	melee	one-handed	piercing	dagger	hq
iczm1ps	iczm1ps	item	crafted	zorai	melee	one-handed	piercing	spear
iczm1ps_2	iczm1ps_2	item	crafted	zorai	melee	one-handed	piercing	spear	mq
iczm1ps_3	iczm1ps_3	item	crafted	zorai	melee	one-handed	piercing	spear	hq
iczm1sa	iczm1sa	item	crafted	zorai	melee	one-handed	slashing	axe
iczm1sa_2	iczm1sa_2	item	crafted	zorai	melee	one-handed	slashing	axe	mq
iczm1sa_3	iczm1sa_3	item	crafted	zorai	melee	one-handed	slashing	axe	hq
iczm1ss	iczm1ss	item	crafted	zorai	melee	one-handed	slashing	sword
iczm1ss_2	iczm1ss_2	item	crafted	zorai	melee	one-handed	slashing	sword	mq
iczm1ss_3	iczm1ss_3	item	crafted	zorai	melee	one-handed	slashing	sword	hq
iczm2bm	iczm2bm	item	crafted	zorai	melee	two-handed	blunt	mace
iczm2bm_2	iczm2bm_2	item	crafted	zorai	melee	two-handed	blunt	mace	mq
iczm2bm_3	iczm2bm_3	item	crafted	zorai	melee	two-handed	blunt	mace	hq
iczm2ms	iczm2ms	item	crafted	zorai	melee	two-handed	magic	amplifier	gloves
iczm2ms_2	iczm2ms_2	item	crafted	zorai	melee	two-handed	magic	amplifier	gloves	mq
iczm2ms_3	iczm2ms_3	item	crafted	zorai	melee	two-handed	magic	amplifier	gloves	hq
iczm2pp	iczm2pp	item	crafted	zorai	melee	two-handed	piercing	pike
iczm2pp_2	iczm2pp_2	item	crafted	zorai	melee	two-handed	piercing	pike	mq
iczm2pp_3	iczm2pp_3	item	crafted	zorai	melee	two-handed	piercing	pike	hq
iczm2sa	iczm2sa	item	crafted	zorai	melee	two-handed	slashing	axe
iczm2sa_2	iczm2sa_2	item	crafted	zorai	melee	two-handed	slashing	axe	mq
iczm2sa_3	iczm2sa_3	item	crafted	zorai	melee	two-handed	slashing	axe	hq
iczm2ss	iczm2ss	item	crafted	zorai	melee	two-handed	slashing	sword
iczm2ss_2	iczm2ss_2	item	crafted	zorai	melee	two-handed	slashing	sword	mq
iczm2ss_3	iczm2ss_3	item	crafted	zorai	melee	two-handed	slashing	sword	hq
iczsb	iczsb	item	crafted	zorai	buckler	shield
iczsb_2	iczsb_2	item	crafted	zorai	buckler	shield	mq
iczsb_3	iczsb_3	item	crafted	zorai	buckler	shield	hq
iczss	iczss	item	crafted	zorai	large	shield
iczss_2	iczss_2	item	crafted	zorai	large	shield	mq
iczss_3	iczss_3	item	crafted	zorai	large	shield	hq
iccacp	iccacp	item	crafted	common	light	caster	armor	pants
iccahb	iccahb	item	crafted	common	heavy	armor	boots
iccahg	iccahg	item	crafted	common	heavy	armor	gloves	hands
iccahh	iccahh	item	crafted	common	heavy	armor	helmet
iccahp	iccahp	item	crafted	common	heavy	armor	pants
iccahs	iccahs	item	crafted	common	heavy	armor	sleeves
iccahv	iccahv	item	crafted	common	heavy	armor	vest
iccamv	iccamv	item	crafted	common	medium	armor	vest
iccamb	iccamb	item	crafted	common	medium	armor	boots
iccamg	iccamg	item	crafted	common	medium	armor	gloves	hands
iccamp	iccamp	item	crafted	common	medium	armor	pants
iccams	iccams	item	crafted	common	medium	armor	sleeves
iccamv	iccamv	item	crafted	common	medium	armor	vest
iccalv	iccalv	item	crafted	common	light	armor	vest
iccalb	iccalb	item	crafted	common	light	armor	boots
iccalg	iccalg	item	crafted	common	light	armor	gloves	hands
iccalp	iccalp	item	crafted	common	light	armor	pants
iccals	iccals	item	crafted	common	light	armor	sleeves
iccalv	iccalv	item	crafted	common	light	armor	vest
icfauwv	icfauwv	item	crafted	fyros	light	underwear	armor	vest
icfauwp	icfauwp	item	crafted	fyros	light	underwear	armor	pants
icmauwv	icmauwv	item	crafted	matis	light	underwear	armor	vest
icmauwp	icmauwp	item	crafted	matis	light	underwear	armor	pants
ictauwv	ictauwv	item	crafted	tryker	light	underwear	armor	vest
ictauwp	ictauwp	item	crafted	tryker	light	underwear	armor	pants
iczauwv	iczauwv	item	crafted	zorai	light	underwear	armor	vest
iczauwp	iczauwp	item	crafted	zorai	light	underwear	armor	pants
icralv	icralv	item	crafted	refugee	light	armor	vest
icralp	icralp	item	crafted	refugee	light	armor	pants
