;E:\Sheets\Raw Materials\rm_fam_prop.csv;;;;;;;;;;;;;;;;;;;;;;;;;;;;;;;;;;;;;;;;;;;;;;;;;;
;;;;;;;;;;;;;;;;;;;;;;;;;;;;;;;;;;;;;;;;;;;;;;;;;;;
;0=précieux, dispo en Common seulement en qualité F;;;;;;;;;;;;;;;;;;;;;;;;;;;;;;;;;;;;;;;;;;;;;;;;;;
;2=courant, disponible partout (Common);;;;;;;;;;;;;;;;;;;;;;;;;;;;;;;;;;;;;;;;;;;;;;;;;;
;3=pour missions, disponible dans 1 seul écosystème (correspond à la case Civ);;;;;;;;;;;;;;;;;;;;;;;;;;;;;;;;;;;;;;;;;;;;;;;;;;
;Civ: indique quels plans utilisent la MP (via la prop), et indirectement dans quel écosystème la MP est la plus fréquente.;;;;;;;;;;;;;;;;;;;;;;;;;;;;;;;;;;;;;;;;;;;;;;;;;;
;Craft Part: cf. page Craft Parts v3.;;;;;;;;;;;;;;;;;;;;;;;;;;;;;;;;;;;;;;;;;;;;;;;;;;
;Craft Plans: Dans quels plans de craft c'est utilisé, à titre indicatif;;;;;;;;;;;;;;;;;;;;;;;;;;;;;;;;;;;;;;;;;;;;;;;;;;
;et ds l'écosystème matchant le plan de craft éventuel (ex: Desert pour Civ=Fyros);;;;;;;;;;;;;;;;;;;;;;;;;;;;;;;;;;;;;;;;;;;;;;;;;;
;Freq: 1=précieux, dispo seulement en variantes écosystèmes PrimeRoots (le meilleur);;;;;;;;;;;;;;;;;;;;;;;;;;;;;;;;;;;;;;;;;;;;;;;;;;
;Generate Only: si un X est présent, les lignes n'ayant pas de X ne seront pas regénérées;;;;;;;;;;;;;;;;;;;;;;;;;;;;;;;;;;;;;;;;;;;;;;;;;;
;Group: utilisé par forage (prospection ciblée) et système de mission;;;;;;;;;;;;;;;;;;;;;;;;;;;;;;;;;;;;;;;;;;;;;;;;;;
;Kidinak : pas de MP car soldat;;;;;;;;;;;;;;;;;;;;;;;;;;;;;;;;;;;;;;;;;;;;;;;;;;
;Kinrey : pas de MP;;;;;;;;;;;;;;;;;;;;;;;;;;;;;;;;;;;;;;;;;;;;;;;;;;
;Kizarak : pas de MP car reine;;;;;;;;;;;;;;;;;;;;;;;;;;;;;;;;;;;;;;;;;;;;;;;;;;
;Légende;;;;;;;;;;;;;;;;;;;;;;;;;;;;;;;;;;;;;;;;;;;;;;;;;;
;Location: D=deposits, C=creatures except invasion/raid/event (I+types), G=goo creatures;;;;;;;;;;;;;;;;;;;;;;;;;;;;;;;;;;;;;;;;;;;;;;;;;;
;;;;;;;;;;;;;;;;;;;;;;;;;;;;;;;;;;;;;;;;;;;;;;;;;;;
;;;;;;;;;;;;;;;;;;;;;;;;;;;;;;;;;;;;;;;;;;;;;;;;;;;
;;;;;;;;;;;;;;;;;;;;;;;;;;;;;;;;;;;;;;;;;;;;;;;;;;;
;;;;;;;;;;;;;;;;;;;;;;;;;;;;;;;;;;;;;;;;;;;;;;;;;;;
;;;;;;;;;;;;;;;;;;;;;;;;;;;;;;;;;;;;;;;;;;;;;;;;;;;
;;;;;;;;;;;;;;;;;;;;;;;;;;;;;;;;;;;;;;;;;;;;;;;;;;;
;;;;;;;;;;;;;;;;;;;;;;;;;;;;;;;;;;;;;;;;;;;;;;;;;;;
;;;;;;;;;;;;;;;;;;;;;;;;;;;;;;;;;;;;;;;;;;;;;;;;;;;
;Repertoire de la moulinette :;H:\NeoMoulinette\;;;;;;;;;;;;;;;;;;;;;;;;;;;;;;;;;;;;;;;;;;;;;;;;;
;;;;;;;;;;;;;;;;;;;;;;;;;;;;;;;;;;;;;;;;;;;;;;;;;;;
;;;;;;;;;;;;;;;;;;;;;;;;;;;;;;;;;;;;;;;;;;;;;;;;;;;
;Group;Craft Part;Civ;Freq;Location;Icône;Background;Craft Plans;Generate Only;BestStatIndexA;WorstStatIndexA1;WorstStatIndexA2;BestIndexB;WorstIndexB1;WorstIndexB2;Color;JewelProt;Special Only;Special Items…;;;;;;;;;;;;;;;;;;;;;;;;;;;;;;;;
;;;;;;;;;;;;;;;;;;;;;;;;;;;;;;;;;;;;;;;;;;;;;;;;;;;
;;;;;;;;;;;;;;;;;;;;;;;;;;;;;;;;;;;;;;;;;;;;;;;;;;;
;Ajout Nouvelle MP :;;;;;;;;;;;;;;;;;;;;;;;;;;;;;;;;;;;;;;;;;;;;;;;;;;
;;;;;;;;;;;;;;;;;;;;;;;;;;;;;;;;;;;;;;;;;;;;;;;;;;;
;;;;;;;;;;;;;;;;;;;;;;;;;;;;;;;;;;;;;;;;;;;;;;;;;;;
;;;;;;;;;;;;;;;;;;;;;;;;;;;;;;;;;;;;;;;;;;;;;;;;;;;
;;;;;;;;;;;;;;;;;;;;;;;;;;;;;;;;;;;;;;;;;;;;;;;;;;;
;;;;;;;;;;;;;;;;;;;;;;;;;;;;;;;;;;;;;;;;;;;;;;;;;;;
;;;;;;;;;;;;;;;;;;;;;;;;;;;;;;;;;;;;;;;;;;;;;;;;;;;
;;;;;;;;;;;;;;;;;;;;;;;;;;;;;;;;;;;;;;;;;;;;;;;;;;;
Arana Eye;Creature;RZ;;2;C;MP_Eyes.tga;;;;0;1;-1;0;2;14;0;0;;;;;;;;;;;;;;;;;;;;;;;;;;;;;;;;;;
Arana Nail;Creature;GQ;;2;C;MP_Nail.tga;;;;7;0;9;0;1;-1;0;;;;;;;;;;;;;;;;;;;;;;;;;;;;;;;;;;;
Arana Pelvis;Creature;BF;;2;C;MP_Pelvis.tga;;Herbivors;;0;1;4;0;6;2;0;;;;;;;;;;;;;;;;;;;;;;;;;;;;;;;;;;;
Arana Tooth;Creature;KN;;2;C;MP_Tooth.tga;;;;5;1;0;10;6;7;0;;;;;;;;;;;;;;;;;;;;;;;;;;;;;;;;;;;
Arana Wood;Creature;IM;;2;C;MP_Wood.tga;;;;9;2;6;11;6;0;0;;;;;;;;;;;;;;;;;;;;;;;;;;;;;;;;;;;
Arma Eye;Creature;RZ;;2;C;MP_Eyes.tga;;;;0;1;-1;15;19;17;1;1;;;;;;;;;;;;;;;;;;;;;;;;;;;;;;;;;;
Arma Pelvis;Creature;BF;;2;C;MP_Pelvis.tga;;;;7;2;0;4;0;7;1;;;;;;;;;;;;;;;;;;;;;;;;;;;;;;;;;;;
Arma Skin;Creature;EY;;2;C;MP_Skin.tga;;;;0;7;2;7;1;0;1;;;;;;;;;;;;;;;;;;;;;;;;;;;;;;;;;;;
Arma Spine;Creature;GQ;;2;C;MP_Spine.tga;;;;7;8;1;0;1;-1;1;;;;;;;;;;;;;;;;;;;;;;;;;;;;;;;;;;;
Arma Tooth;Creature;KN;;2;C;MP_Tooth.tga;;;;5;4;1;10;0;11;1;;;;;;;;;;;;;;;;;;;;;;;;;;;;;;;;;;;
Bawaab Eye;Creature;RZ;;2;C;MP_Eyes.tga;;;;0;1;-1;17;19;1;2;2;;;;;;;;;;;;;;;;;;;;;;;;;;;;;;;;;;
Bawaab Nail;Creature;GQ;;2;C;MP_Nail.tga;;;;4;9;0;0;1;-1;2;;;;;;;;;;;;;;;;;;;;;;;;;;;;;;;;;;;
Bawaab Pelvis;Creature;BF;;2;C;MP_Pelvis.tga;;;;7;4;6;4;6;2;2;;;;;;;;;;;;;;;;;;;;;;;;;;;;;;;;;;;
Bawaab Skin;Creature;EY;;2;C;MP_Skin.tga;;;;4;1;7;0;10;12;2;;;;;;;;;;;;;;;;;;;;;;;;;;;;;;;;;;;
Bawaab Tooth;Creature;KN;;2;C;MP_Tooth.tga;;;;5;0;1;7;12;10;2;;;;;;;;;;;;;;;;;;;;;;;;;;;;;;;;;;;
Bodoc Eye;Creature;RZ;;2;C;MP_Eyes.tga;;;;0;1;-1;19;18;2;3;7;;;;;;;;;;;;;;;;;;;;;;;;;;;;;;;;;;
Bodoc Horn;Creature;DL;;2;C;MP_Horn.tga;;;;0;8;7;0;5;4;3;;;;;;;;;;;;;;;;;;;;;;;;;;;;;;;;;;;
Bodoc Nail;Creature;GQ;;2;C;MP_Nail.tga;;;;9;2;1;0;1;-1;3;;;;;;;;;;;;;;;;;;;;;;;;;;;;;;;;;;;
Bodoc Pelvis;Creature;BF;;2;C;MP_Pelvis.tga;;;;4;8;1;0;9;4;3;;;;;;;;;;;;;;;;;;;;;;;;;;;;;;;;;;;
Bodoc Skin;Creature;EY;;2;C;MP_Skin.tga;;;;0;9;1;7;13;12;3;;;;;;;;;;;;;;;;;;;;;;;;;;;;;;;;;;;
Bodoc Tooth;Creature;KN;;2;C;MP_Tooth.tga;;;;4;0;5;10;13;7;3;;;;;;;;;;;;;;;;;;;;;;;;;;;;;;;;;;;
Bolobi Eye;Creature;RZ;;2;C;MP_Eyes.tga;;;;0;1;-1;17;18;21;4;8;;;;;;;;;;;;;;;;;;;;;;;;;;;;;;;;;;
Bolobi Nail;Creature;GQ;;2;C;MP_Nail.tga;;;;9;4;7;0;1;-1;4;;;;;;;;;;;;;;;;;;;;;;;;;;;;;;;;;;;
Bolobi Pelvis;Creature;BF;;2;C;MP_Pelvis.tga;;;;7;2;3;7;6;1;4;;;;;;;;;;;;;;;;;;;;;;;;;;;;;;;;;;;
Bolobi Skin;Creature;EY;;2;C;MP_Skin.tga;;;;9;4;1;10;7;13;4;;;;;;;;;;;;;;;;;;;;;;;;;;;;;;;;;;;
Bolobi Tooth;Creature;KN;;2;C;MP_Tooth.tga;;;;5;1;0;10;11;0;4;;;;;;;;;;;;;;;;;;;;;;;;;;;;;;;;;;;
Capryni Eye;Creature;RZ;;2;C;MP_Eyes.tga;;;;0;1;-1;15;21;16;5;9;;;;;;;;;;;;;;;;;;;;;;;;;;;;;;;;;;
Capryni Hoof;Creature;BF;;2;C;MP_Hoof.tga;;;;9;6;0;9;8;2;5;;;;;;;;;;;;;;;;;;;;;;;;;;;;;;;;;;;
Capryni Nail;Creature;GQ;;2;C;MP_Nail.tga;;;;7;6;1;0;1;-1;5;;;;;;;;;;;;;;;;;;;;;;;;;;;;;;;;;;;
Capryni Skin;Creature;EY;;2;C;MP_Skin.tga;;;;4;9;0;10;11;1;5;;;;;;;;;;;;;;;;;;;;;;;;;;;;;;;;;;;
Capryni Tooth;Creature;KN;;2;C;MP_Tooth.tga;;;;5;4;0;11;6;10;5;;;;;;;;;;;;;;;;;;;;;;;;;;;;;;;;;;;
Clopper Mandible;Creature;DL;;2;C;MP_Mandible.tga;;Carnivors;;7;8;3;4;5;0;6;;;;;;;;;;;;;;;;;;;;;;;;;;;;;;;;;;;
Cray Claw;Creature;AC;;2;C;MP_Claw.tga;;;;9;6;2;7;3;2;6;;;;;;;;;;;;;;;;;;;;;;;;;;;;;;;;;;;
Cray Mandible;Creature;DL;;2;C;MP_Mandible.tga;;;;7;1;6;4;0;3;6;;;;;;;;;;;;;;;;;;;;;;;;;;;;;;;;;;;
Cray Secretion;Creature;JO;;2;C;MP_Kitin_Secretion.tga;;;;0;5;1;0;6;1;6;;;;;;;;;;;;;;;;;;;;;;;;;;;;;;;;;;;
Cray Shell;Creature;IM;;2;C;MP_KitinShell.tga;;;;4;9;0;7;12;11;6;;;;;;;;;;;;;;;;;;;;;;;;;;;;;;;;;;;
Cray Tail;Creature;HP;;2;C;MP_Tail.tga;;;;5;7;9;0;6;12;6;;;;;;;;;;;;;;;;;;;;;;;;;;;;;;;;;;;
Frippo Eye;Creature;RZ;;2;C;MP_Eyes.tga;;;;0;1;-1;21;15;0;7;10;;;;;;;;;;;;;;;;;;;;;;;;;;;;;;;;;;
Frippo Nail;Creature;GQ;;2;C;MP_Nail.tga;;;;7;6;9;0;1;-1;7;;;;;;;;;;;;;;;;;;;;;;;;;;;;;;;;;;;
Frippo Pelvis;Creature;BF;;2;C;MP_Pelvis.tga;;;;7;2;0;7;8;1;7;;;;;;;;;;;;;;;;;;;;;;;;;;;;;;;;;;;
Frippo Skin;Creature;EY;;2;C;MP_Skin.tga;;;;0;2;7;11;0;7;7;;;;;;;;;;;;;;;;;;;;;;;;;;;;;;;;;;;
Frippo Tooth;Creature;KN;;2;C;MP_Tooth.tga;;;;5;1;0;7;13;12;7;;;;;;;;;;;;;;;;;;;;;;;;;;;;;;;;;;;
Gnoof Eye;Creature;RZ;;2;C;MP_Eyes.tga;;;;0;1;-1;15;19;18;0;11;;;;;;;;;;;;;;;;;;;;;;;;;;;;;;;;;;
Gnoof Nail;Creature;GQ;;2;C;MP_Nail.tga;;;;9;4;0;0;1;-1;0;;;;;;;;;;;;;;;;;;;;;;;;;;;;;;;;;;;
Gnoof Pelvis;Creature;BF;;2;C;MP_Pelvis.tga;;;;7;1;9;4;2;6;0;;;;;;;;;;;;;;;;;;;;;;;;;;;;;;;;;;;
Gnoof Skin;Creature;EY;;2;C;MP_Skin.tga;;;;7;1;2;10;7;1;0;;;;;;;;;;;;;;;;;;;;;;;;;;;;;;;;;;;
Gnoof Trunck;Creature;KN;;2;C;MP_Trunk.tga;;;;0;1;5;10;7;0;0;;;;;;;;;;;;;;;;;;;;;;;;;;;;;;;;;;;
Gubani Eye;Creature;RZ;;2;C;MP_Eyes.tga;;;;0;1;-1;15;14;1;1;12;;;;;;;;;;;;;;;;;;;;;;;;;;;;;;;;;;
Gubani Nail;Creature;GQ;;2;C;MP_Nail.tga;;;;7;1;0;0;1;-1;1;;;;;;;;;;;;;;;;;;;;;;;;;;;;;;;;;;;
Gubani Pelvis;Creature;BF;;2;C;MP_Pelvis.tga;;;;0;8;6;0;8;1;1;;;;;;;;;;;;;;;;;;;;;;;;;;;;;;;;;;;
Gubani Skin;Creature;EY;;2;C;MP_Skin.tga;;;;4;0;8;0;10;11;1;;;;;;;;;;;;;;;;;;;;;;;;;;;;;;;;;;;
Gubani Tooth;Creature;KN;;2;C;MP_Tooth.tga;;;;5;4;0;0;11;1;1;;;;;;;;;;;;;;;;;;;;;;;;;;;;;;;;;;;
Lumper Eye;Creature;RZ;;2;C;MP_Eyes.tga;;;;0;1;-1;17;14;18;2;13;;;;;;;;;;;;;;;;;;;;;;;;;;;;;;;;;;
Lumper Pelvis;Creature;BF;;2;C;MP_Pelvis.tga;;;;7;2;0;9;0;2;2;;;;;;;;;;;;;;;;;;;;;;;;;;;;;;;;;;;
Lumper Skin;Creature;EY;;2;C;MP_Skin.tga;;;;7;4;2;10;12;7;2;;;;;;;;;;;;;;;;;;;;;;;;;;;;;;;;;;;
Lumper Spine;Creature;GQ;;2;C;MP_Spine.tga;;;;7;9;4;0;1;-1;2;;;;;;;;;;;;;;;;;;;;;;;;;;;;;;;;;;;
Lumper Whiskers;Creature;KN;;2;C;MP_Whiskers.tga;;;;0;4;5;11;6;1;2;;;;;;;;;;;;;;;;;;;;;;;;;;;;;;;;;;;
Madakam Eye;Creature;RZ;;2;C;MP_Eyes.tga;;;;0;1;-1;15;21;18;3;14;;;;;;;;;;;;;;;;;;;;;;;;;;;;;;;;;;
Madakam Nail;Creature;GQ;;2;C;MP_Nail.tga;;;;0;2;4;0;1;-1;3;;;;;;;;;;;;;;;;;;;;;;;;;;;;;;;;;;;
Madakam Pelvis;Creature;BF;;2;C;MP_Pelvis.tga;;;;4;0;9;7;1;6;3;;;;;;;;;;;;;;;;;;;;;;;;;;;;;;;;;;;
Madakam Skin;Creature;EY;;2;C;MP_Skin.tga;;;;4;8;6;10;7;1;3;;;;;;;;;;;;;;;;;;;;;;;;;;;;;;;;;;;
Madakam Tooth;Creature;KN;;2;C;MP_Tooth.tga;;;;4;1;0;0;10;1;3;;;;;;;;;;;;;;;;;;;;;;;;;;;;;;;;;;;
Mektoub Eye;Creature;RZ;;2;C;MP_Eyes.tga;;;;0;1;-1;21;2;15;4;15;;;;;;;;;;;;;;;;;;;;;;;;;;;;;;;;;;
Mektoub Nail;Creature;GQ;;2;C;MP_Nail.tga;;;;0;2;9;0;1;-1;4;;;;;;;;;;;;;;;;;;;;;;;;;;;;;;;;;;;
Mektoub Pelvis;Creature;BF;;2;C;MP_Pelvis.tga;;;;9;2;3;0;2;6;4;;;;;;;;;;;;;;;;;;;;;;;;;;;;;;;;;;;
Mektoub Skin;Creature;EY;;2;C;MP_Skin.tga;;;;4;8;1;0;10;13;4;;;;;;;;;;;;;;;;;;;;;;;;;;;;;;;;;;;
Mektoub Trunck;Creature;KN;;2;C;MP_Trunk.tga;;;;0;1;5;11;1;6;4;;;;;;;;;;;;;;;;;;;;;;;;;;;;;;;;;;;
Messab Eye;Creature;RZ;;2;C;MP_Eyes.tga;;;;0;1;-1;17;2;1;5;0;;;;;;;;;;;;;;;;;;;;;;;;;;;;;;;;;;
Messab Hoof;Creature;BF;;2;C;MP_Hoof.tga;;;;7;9;3;0;2;4;5;;;;;;;;;;;;;;;;;;;;;;;;;;;;;;;;;;;
Messab Nail;Creature;GQ;;2;C;MP_Nail.tga;;;;4;7;2;0;1;-1;5;;;;;;;;;;;;;;;;;;;;;;;;;;;;;;;;;;;
Messab Skin;Creature;EY;;2;C;MP_Skin.tga;;;;9;4;0;7;0;13;5;;;;;;;;;;;;;;;;;;;;;;;;;;;;;;;;;;;
Messab Tooth;Creature;KN;;2;C;MP_Tooth.tga;;;;4;1;0;0;6;7;5;;;;;;;;;;;;;;;;;;;;;;;;;;;;;;;;;;;
Ploderos Eye;Creature;RZ;;2;C;MP_Eyes.tga;;;;0;1;-1;17;21;16;6;1;;;;;;;;;;;;;;;;;;;;;;;;;;;;;;;;;;
Ploderos Nail;Creature;GQ;;2;C;MP_Nail.tga;;;;4;8;0;0;1;-1;6;;;;;;;;;;;;;;;;;;;;;;;;;;;;;;;;;;;
Ploderos Pelvis;Creature;BF;;2;C;MP_Pelvis.tga;;;;0;2;9;0;7;1;6;;;;;;;;;;;;;;;;;;;;;;;;;;;;;;;;;;;
Ploderos Skin;Creature;EY;;2;C;MP_Skin.tga;;;;4;0;6;10;1;12;6;;;;;;;;;;;;;;;;;;;;;;;;;;;;;;;;;;;
Ploderos Tooth;Creature;KN;;2;C;MP_Tooth.tga;;;;4;1;5;0;13;1;6;;;;;;;;;;;;;;;;;;;;;;;;;;;;;;;;;;;
Raspal Eye;Creature;RZ;;2;C;MP_Eyes.tga;;;;0;1;-1;21;1;14;7;2;;;;;;;;;;;;;;;;;;;;;;;;;;;;;;;;;;
Raspal Nail;Creature;GQ;;2;C;MP_Nail.tga;;;;9;4;7;0;1;-1;7;;;;;;;;;;;;;;;;;;;;;;;;;;;;;;;;;;;
Raspal Pelvis;Creature;BF;;2;C;MP_Pelvis.tga;;;;9;2;3;7;8;2;7;;;;;;;;;;;;;;;;;;;;;;;;;;;;;;;;;;;
Raspal Skin;Creature;EY;;2;C;MP_Skin.tga;;;;4;6;8;7;10;6;7;;;;;;;;;;;;;;;;;;;;;;;;;;;;;;;;;;;
Raspal Tooth;Creature;KN;;2;C;MP_Tooth.tga;;;;4;5;0;10;12;7;7;;;;;;;;;;;;;;;;;;;;;;;;;;;;;;;;;;;
Rendor Eye;Creature;RZ;;2;C;MP_Eyes.tga;;;;0;1;-1;0;19;20;0;7;;;;;;;;;;;;;;;;;;;;;;;;;;;;;;;;;;
Rendor Nail;Creature;GQ;;2;C;MP_Nail.tga;;;;9;2;7;0;1;-1;0;;;;;;;;;;;;;;;;;;;;;;;;;;;;;;;;;;;
Rendor Pelvis;Creature;BF;;2;C;MP_Pelvis.tga;;;;9;7;1;0;4;6;0;;;;;;;;;;;;;;;;;;;;;;;;;;;;;;;;;;;
Rendor Skin;Creature;EY;;2;C;MP_Skin.tga;;;;9;1;4;7;1;10;0;;;;;;;;;;;;;;;;;;;;;;;;;;;;;;;;;;;
Rendor Tooth;Creature;KN;;2;C;MP_Tooth.tga;;;;5;4;1;11;1;13;0;;;;;;;;;;;;;;;;;;;;;;;;;;;;;;;;;;;
Shalah Eye;Creature;RZ;;2;C;MP_Eyes.tga;;;;0;1;-1;19;0;21;1;8;;;;;;;;;;;;;;;;;;;;;;;;;;;;;;;;;;
Shalah Nail;Creature;GQ;;2;C;MP_Nail.tga;;;;7;6;2;0;1;-1;1;;;;;;;;;;;;;;;;;;;;;;;;;;;;;;;;;;;
Shalah Pelvis;Creature;BF;;2;C;MP_Pelvis.tga;;;;0;6;1;9;0;1;1;;;;;;;;;;;;;;;;;;;;;;;;;;;;;;;;;;;
Shalah Skin;Creature;EY;;2;C;MP_Skin.tga;;;;7;0;4;7;6;0;1;;;;;;;;;;;;;;;;;;;;;;;;;;;;;;;;;;;
Shalah Tooth;Creature;KN;;2;C;MP_Tooth.tga;;;;4;5;0;11;13;0;1;;;;;;;;;;;;;;;;;;;;;;;;;;;;;;;;;;;
Timari Eye;Creature;RZ;;2;C;MP_Eyes.tga;;;;0;1;-1;19;18;0;2;9;;;;;;;;;;;;;;;;;;;;;;;;;;;;;;;;;;
Timari Nail;Creature;GQ;;2;C;MP_Nail.tga;;;;7;1;9;0;1;-1;2;;;;;;;;;;;;;;;;;;;;;;;;;;;;;;;;;;;
Timari Pelvis;Creature;BF;;2;C;MP_Pelvis.tga;;;;0;9;1;9;8;6;2;;;;;;;;;;;;;;;;;;;;;;;;;;;;;;;;;;;
Timari Skin;Creature;EY;;2;C;MP_Skin.tga;;;;7;8;1;7;10;6;2;;;;;;;;;;;;;;;;;;;;;;;;;;;;;;;;;;;
Timari Tooth;Creature;KN;;2;C;MP_Tooth.tga;;;;4;5;1;7;1;11;2;;;;;;;;;;;;;;;;;;;;;;;;;;;;;;;;;;;
Wombai Eye;Creature;RZ;;2;C;MP_Eyes.tga;;;;0;1;-1;21;18;14;3;10;;;;;;;;;;;;;;;;;;;;;;;;;;;;;;;;;;
Wombai Pelvis;Creature;BF;;2;C;MP_Pelvis.tga;;;;0;1;6;9;7;6;3;;;;;;;;;;;;;;;;;;;;;;;;;;;;;;;;;;;
Wombai Skin;Creature;EY;;2;C;MP_Skin.tga;;;;9;2;6;7;1;12;3;;;;;;;;;;;;;;;;;;;;;;;;;;;;;;;;;;;
Wombai Spine;Creature;GQ;;2;C;MP_Spine.tga;;;;9;8;0;0;1;-1;3;;;;;;;;;;;;;;;;;;;;;;;;;;;;;;;;;;;
Wombai Trunck;Creature;KN;;2;C;MP_Trunk.tga;;;;5;4;1;7;6;1;3;;;;;;;;;;;;;;;;;;;;;;;;;;;;;;;;;;;
Yelk Moss;Creature;KN;;2;C;MP_Moss.tga;;;;5;1;0;10;12;1;4;;;;;;;;;;;;;;;;;;;;;;;;;;;;;;;;;;;
Yelk Mushroom;Creature;RZ;;2;C;MP_Mushroom.tga;;;;0;1;-1;19;0;2;4;11;;;;;;;;;;;;;;;;;;;;;;;;;;;;;;;;;;
Yelk Nail;Creature;GQ;;2;C;MP_Nail.tga;;;;0;4;6;0;1;-1;4;;;;;;;;;;;;;;;;;;;;;;;;;;;;;;;;;;;
Yelk Pelvis;Creature;BF;;2;C;MP_Pelvis.tga;;;;4;8;7;0;7;1;4;;;;;;;;;;;;;;;;;;;;;;;;;;;;;;;;;;;
Yelk Skin;Creature;EY;;2;C;MP_Skin.tga;;;;0;4;9;0;11;7;4;;;;;;;;;;;;;;;;;;;;;;;;;;;;;;;;;;;
Yubo Eye;Creature;RZ;;2;C;MP_Eyes.tga;;;;0;1;-1;15;21;0;5;12;;;;;;;;;;;;;;;;;;;;;;;;;;;;;;;;;;
Yubo Nail;Creature;GQ;;2;C;MP_Nail.tga;;;;0;7;1;0;1;-1;5;;;;;;;;;;;;;;;;;;;;;;;;;;;;;;;;;;;
Yubo Pelvis;Creature;BF;;2;C;MP_Pelvis.tga;;;;7;9;0;9;7;8;5;;;;;;;;;;;;;;;;;;;;;;;;;;;;;;;;;;;
Yubo Skin;Creature;EY;;2;C;MP_Skin.tga;;;;7;0;1;11;6;13;5;;;;;;;;;;;;;;;;;;;;;;;;;;;;;;;;;;;
Yubo Tooth;Creature;KN;;2;C;MP_Tooth.tga;;;;0;4;5;0;12;13;5;;;;;;;;;;;;;;;;;;;;;;;;;;;;;;;;;;;
;;;;;;;;;;;;;;;;;;;;;;;;;;;;;;;;;;;;;;;;;;;;;;;;;;;
Clopper Shell;Creature;IM;;2;C;MP_KitinShell.tga;;;;4;5;6;10;6;13;6;;;;;;;;;;;;;;;;;;;;;;;;;;;;;;;;;;;
Clopper Sting;Creature;AC;;2;C;MP_Sting.tga;;;;0;3;4;4;9;3;6;;;;;;;;;;;;;;;;;;;;;;;;;;;;;;;;;;;
Clopper Secretion;Creature;JO;;2;C;MP_Kitin_Secretion.tga;;;;5;3;1;7;1;11;6;;;;;;;;;;;;;;;;;;;;;;;;;;;;;;;;;;;
Clopper Tail;Creature;HP;;2;C;MP_Tail.tga;;;;5;7;9;11;6;13;6;;;;;;;;;;;;;;;;;;;;;;;;;;;;;;;;;;;
Cuttler Bone;Creature;DL;;2;C;MP_Bone.tga;;;;0;6;3;0;1;5;7;;;;;;;;;;;;;;;;;;;;;;;;;;;;;;;;;;;
Cuttler Leather;Creature;IM;;2;C;MP_Leather.tga;;;;5;8;0;10;11;6;7;;;;;;;;;;;;;;;;;;;;;;;;;;;;;;;;;;;
Cuttler Claw;Creature;AC;;2;C;MP_Claw.tga;;;;9;3;2;0;3;7;7;;;;;;;;;;;;;;;;;;;;;;;;;;;;;;;;;;;
Cuttler Fang;Creature;JO;;2;C;MP_Fang.tga;;;;0;5;1;0;13;12;7;;;;;;;;;;;;;;;;;;;;;;;;;;;;;;;;;;;
Cuttler Ligament;Creature;HP;;2;C;MP_Ligament.tga;;;;7;0;1;10;13;11;7;;;;;;;;;;;;;;;;;;;;;;;;;;;;;;;;;;;
Gingo Bone;Creature;DL;;2;C;MP_Bone.tga;;;;9;1;6;4;0;3;0;;;;;;;;;;;;;;;;;;;;;;;;;;;;;;;;;;;
Gingo Leather;Creature;IM;;2;C;MP_Leather.tga;;;;9;0;8;0;10;1;0;;;;;;;;;;;;;;;;;;;;;;;;;;;;;;;;;;;
Gingo Claw;Creature;AC;;2;C;MP_Claw.tga;;;;4;7;1;4;9;0;0;;;;;;;;;;;;;;;;;;;;;;;;;;;;;;;;;;;
Gingo Fang;Creature;JO;;2;C;MP_Fang.tga;;;;5;0;1;0;11;10;0;;;;;;;;;;;;;;;;;;;;;;;;;;;;;;;;;;;
Gingo Ligament;Creature;HP;;2;C;MP_Ligament.tga;;;;7;0;1;10;6;11;0;;;;;;;;;;;;;;;;;;;;;;;;;;;;;;;;;;;
Goari Mandible;Creature;DL;;2;C;MP_Mandible.tga;;;;7;3;9;0;4;1;1;;;;;;;;;;;;;;;;;;;;;;;;;;;;;;;;;;;
Goari Shell;Creature;IM;;2;C;MP_KitinShell.tga;;;;5;4;7;0;7;6;1;;;;;;;;;;;;;;;;;;;;;;;;;;;;;;;;;;;
Goari Sting;Creature;AC;;2;C;MP_Sting.tga;;;;7;3;6;9;6;2;1;;;;;;;;;;;;;;;;;;;;;;;;;;;;;;;;;;;
Goari Secretion;Creature;JO;;2;C;MP_Kitin_Secretion.tga;;;;4;1;3;11;12;10;1;;;;;;;;;;;;;;;;;;;;;;;;;;;;;;;;;;;
Goari Tail;Creature;HP;;2;C;MP_Tail.tga;;;;4;0;5;10;6;0;1;;;;;;;;;;;;;;;;;;;;;;;;;;;;;;;;;;;
Horncher Mandible;Creature;DL;;2;C;MP_Mandible.tga;;;;4;3;9;5;4;3;2;;;;;;;;;;;;;;;;;;;;;;;;;;;;;;;;;;;
Horncher Shell;Creature;IM;;2;C;MP_KitinShell.tga;;;;4;6;8;0;1;12;2;;;;;;;;;;;;;;;;;;;;;;;;;;;;;;;;;;;
Horncher Sting;Creature;AC;;2;C;MP_Sting.tga;;;;0;4;9;0;3;4;2;;;;;;;;;;;;;;;;;;;;;;;;;;;;;;;;;;;
Horncher Secretion;Creature;JO;;2;C;MP_Kitin_Secretion.tga;;;;0;1;3;10;0;11;2;;;;;;;;;;;;;;;;;;;;;;;;;;;;;;;;;;;
Horncher Tail;Creature;HP;;2;C;MP_Tail.tga;;;;7;3;9;11;10;6;2;;;;;;;;;;;;;;;;;;;;;;;;;;;;;;;;;;;
Javing Bone;Creature;DL;;2;C;MP_Bone.tga;;;;0;1;6;5;4;1;3;;;;;;;;;;;;;;;;;;;;;;;;;;;;;;;;;;;
Javing Leather;Creature;IM;;2;C;MP_Leather.tga;;;;5;1;3;7;11;10;3;;;;;;;;;;;;;;;;;;;;;;;;;;;;;;;;;;;
Javing Beak;Creature;AC;;2;C;MP_Beak.tga;;;;7;2;0;4;6;2;3;;;;;;;;;;;;;;;;;;;;;;;;;;;;;;;;;;;
Javing Wing;Creature;JO;;2;C;MP_Wing.tga;;;;4;1;3;0;12;10;3;;;;;;;;;;;;;;;;;;;;;;;;;;;;;;;;;;;
Javing Ligament;Creature;HP;;2;C;MP_Ligament.tga;;;;9;0;7;7;1;11;3;;;;;;;;;;;;;;;;;;;;;;;;;;;;;;;;;;;
Jugula Bone;Creature;DL;;2;C;MP_Bone.tga;;;;0;3;8;5;0;4;4;;;;;;;;;;;;;;;;;;;;;;;;;;;;;;;;;;;
Jugula Leather;Creature;IM;;2;C;MP_Leather.tga;;;;9;2;7;0;10;6;4;;;;;;;;;;;;;;;;;;;;;;;;;;;;;;;;;;;
Jugula Claw;Creature;AC;;2;C;MP_Claw.tga;;;;9;0;1;4;3;2;4;;;;;;;;;;;;;;;;;;;;;;;;;;;;;;;;;;;
Jugula Fang;Creature;JO;;2;C;MP_Fang.tga;;;;4;1;3;0;12;11;4;;;;;;;;;;;;;;;;;;;;;;;;;;;;;;;;;;;
Jugula Ligament;Creature;HP;;2;C;MP_Ligament.tga;;;;0;6;2;10;0;11;4;;;;;;;;;;;;;;;;;;;;;;;;;;;;;;;;;;;
Najab Bone;Creature;DL;;2;C;MP_Bone.tga;;;;9;2;1;5;4;1;5;;;;;;;;;;;;;;;;;;;;;;;;;;;;;;;;;;;
Najab Leather;Creature;IM;;2;C;MP_Leather.tga;;;;7;2;3;0;6;1;5;;;;;;;;;;;;;;;;;;;;;;;;;;;;;;;;;;;
Najab Claw;Creature;AC;;2;C;MP_Claw.tga;;;;0;9;3;0;2;1;5;;;;;;;;;;;;;;;;;;;;;;;;;;;;;;;;;;;
Najab Fang;Creature;JO;;2;C;MP_Fang.tga;;;;4;0;1;11;13;0;5;;;;;;;;;;;;;;;;;;;;;;;;;;;;;;;;;;;
Najab Ligament;Creature;HP;;2;C;MP_Ligament.tga;;;;7;6;4;10;6;0;5;;;;;;;;;;;;;;;;;;;;;;;;;;;;;;;;;;;
Ocyx Bone;Creature;DL;;2;C;MP_Bone.tga;;;;4;7;2;4;3;5;6;;;;;;;;;;;;;;;;;;;;;;;;;;;;;;;;;;;
Ocyx Shell;Creature;IM;;2;C;MP_KitinShell.tga;;;;9;4;6;7;0;6;6;;;;;;;;;;;;;;;;;;;;;;;;;;;;;;;;;;;
Ocyx Claw;Creature;AC;;2;C;MP_Claw.tga;;;;4;7;2;0;9;4;6;;;;;;;;;;;;;;;;;;;;;;;;;;;;;;;;;;;
Ocyx Fang;Creature;JO;;2;C;MP_Fang.tga;;;;5;3;4;7;11;12;6;;;;;;;;;;;;;;;;;;;;;;;;;;;;;;;;;;;
Ocyx Ligament;Creature;HP;;2;C;MP_Ligament.tga;;;;5;7;4;10;12;0;6;;;;;;;;;;;;;;;;;;;;;;;;;;;;;;;;;;;
Ragus Bone;Creature;DL;;2;C;MP_Bone.tga;;;;0;8;6;5;1;0;7;;;;;;;;;;;;;;;;;;;;;;;;;;;;;;;;;;;
Ragus Leather;Creature;IM;;2;C;MP_Leather.tga;;;;5;8;2;0;11;13;7;;;;;;;;;;;;;;;;;;;;;;;;;;;;;;;;;;;
Ragus Claw;Creature;AC;;2;C;MP_Claw.tga;;;;9;2;3;4;3;6;7;;;;;;;;;;;;;;;;;;;;;;;;;;;;;;;;;;;
Ragus Fang;Creature;JO;;2;C;MP_Fang.tga;;;;5;4;3;0;11;7;7;;;;;;;;;;;;;;;;;;;;;;;;;;;;;;;;;;;
Ragus Ligament;Creature;HP;;2;C;MP_Ligament.tga;;;;7;9;6;0;6;7;7;;;;;;;;;;;;;;;;;;;;;;;;;;;;;;;;;;;
Torbak Horn;Creature;DL;;2;C;MP_Horn.tga;;;;4;0;2;5;4;0;0;;;;;;;;;;;;;;;;;;;;;;;;;;;;;;;;;;;
Torbak Leather;Creature;IM;;2;C;MP_Leather.tga;;;;0;8;6;10;13;11;0;;;;;;;;;;;;;;;;;;;;;;;;;;;;;;;;;;;
Torbak Claw;Creature;AC;;2;C;MP_Claw.tga;;;;0;4;8;9;6;4;0;;;;;;;;;;;;;;;;;;;;;;;;;;;;;;;;;;;
Torbak Fang;Creature;JO;;2;C;MP_Fang.tga;;;;5;4;1;10;12;1;0;;;;;;;;;;;;;;;;;;;;;;;;;;;;;;;;;;;
Torbak Ligament;Creature;HP;;2;C;MP_Ligament.tga;;;;0;7;9;11;0;6;0;;;;;;;;;;;;;;;;;;;;;;;;;;;;;;;;;;;
Tyrancha Bone;Creature;DL;;2;C;MP_Bone.tga;;;;0;9;3;4;5;3;1;;;;;;;;;;;;;;;;;;;;;;;;;;;;;;;;;;;
Tyrancha Leather;Creature;IM;;2;C;MP_Leather.tga;;;;7;9;1;7;0;13;1;;;;;;;;;;;;;;;;;;;;;;;;;;;;;;;;;;;
Tyrancha Claw;Creature;AC;;2;C;MP_Claw.tga;;;;7;6;9;0;4;3;1;;;;;;;;;;;;;;;;;;;;;;;;;;;;;;;;;;;
Tyrancha Fang;Creature;JO;;2;C;MP_Fang.tga;;;;4;5;0;11;6;1;1;;;;;;;;;;;;;;;;;;;;;;;;;;;;;;;;;;;
Tyrancha Ligament;Creature;HP;;2;C;MP_Ligament.tga;;;;4;7;0;11;12;1;1;;;;;;;;;;;;;;;;;;;;;;;;;;;;;;;;;;;
Varinx Bone;Creature;DL;;2;C;MP_Bone.tga;;;;4;9;1;0;5;1;2;;;;;;;;;;;;;;;;;;;;;;;;;;;;;;;;;;;
Varinx Leather;Creature;IM;;2;C;MP_Leather.tga;;;;5;1;4;10;7;12;2;;;;;;;;;;;;;;;;;;;;;;;;;;;;;;;;;;;
Varinx Claw;Creature;AC;;2;C;MP_Claw.tga;;;;9;6;0;4;3;2;2;;;;;;;;;;;;;;;;;;;;;;;;;;;;;;;;;;;
Varinx Fang;Creature;JO;;2;C;MP_Fang.tga;;;;4;3;1;0;1;10;2;;;;;;;;;;;;;;;;;;;;;;;;;;;;;;;;;;;
Varinx Ligament;Creature;HP;;2;C;MP_Ligament.tga;;;;0;5;3;0;10;13;2;;;;;;;;;;;;;;;;;;;;;;;;;;;;;;;;;;;
Vorax Bone;Creature;DL;;2;C;MP_Bone.tga;;;;0;4;8;4;0;5;3;;;;;;;;;;;;;;;;;;;;;;;;;;;;;;;;;;;
Vorax Leather;Creature;IM;;2;C;MP_Leather.tga;;;;4;3;1;0;6;12;3;;;;;;;;;;;;;;;;;;;;;;;;;;;;;;;;;;;
Vorax Claw;Creature;AC;;2;C;MP_Claw.tga;;;;7;3;1;7;2;8;3;;;;;;;;;;;;;;;;;;;;;;;;;;;;;;;;;;;
Vorax Fang;Creature;JO;;2;C;MP_Fang.tga;;;;0;5;4;0;6;10;3;;;;;;;;;;;;;;;;;;;;;;;;;;;;;;;;;;;
Vorax Ligament;Creature;HP;;2;C;MP_Ligament.tga;;;;4;7;9;11;12;1;3;;;;;;;;;;;;;;;;;;;;;;;;;;;;;;;;;;;
Yetin Bone;Creature;DL;;2;C;MP_Bone.tga;;;;9;3;6;4;1;3;4;;;;;;;;;;;;;;;;;;;;;;;;;;;;;;;;;;;
Yetin Leather;Creature;IM;;2;C;MP_Leather.tga;;;;9;6;2;0;10;13;4;;;;;;;;;;;;;;;;;;;;;;;;;;;;;;;;;;;
Yetin Claw;Creature;AC;;2;C;MP_Claw.tga;;;;7;0;3;9;7;6;4;;;;;;;;;;;;;;;;;;;;;;;;;;;;;;;;;;;
Yetin Fang;Creature;JO;;2;C;MP_Fang.tga;;;;4;0;1;10;6;11;4;;;;;;;;;;;;;;;;;;;;;;;;;;;;;;;;;;;
Yetin Ligament;Creature;HP;;2;C;MP_Ligament.tga;;;;5;1;7;11;7;1;4;;;;;;;;;;;;;;;;;;;;;;;;;;;;;;;;;;;
Zerx Bone;Creature;DL;;2;C;MP_Bone.tga;;;;7;6;1;5;4;1;5;;;;;;;;;;;;;;;;;;;;;;;;;;;;;;;;;;;
Zerx Leather;Creature;IM;;2;C;MP_Leather.tga;;;;9;6;1;0;10;11;5;;;;;;;;;;;;;;;;;;;;;;;;;;;;;;;;;;;
Zerx Claw;Creature;AC;;2;C;MP_Claw.tga;;;;4;9;1;4;2;7;5;;;;;;;;;;;;;;;;;;;;;;;;;;;;;;;;;;;
Zerx Fang;Creature;JO;;2;C;MP_Fang.tga;;;;5;3;0;10;0;7;5;;;;;;;;;;;;;;;;;;;;;;;;;;;;;;;;;;;
Zerx Ligament;Creature;HP;;2;C;MP_Ligament.tga;;;;7;9;8;10;12;7;5;;;;;;;;;;;;;;;;;;;;;;;;;;;;;;;;;;;
;;;;;;;;;;;;;;;;;;;;;;;;;;;;;;;;;;;;;;;;;;;;;;;;;;;
Igara Bone;Creature;DL;;2;C;MP_Bone.tga;;Birds;;7;6;4;4;1;5;6;;;;;;;;;;;;;;;;;;;;;;;;;;;;;;;;;;;
Igara Leather;Creature;IM;;2;C;MP_Leather.tga;;;;5;7;0;10;6;7;6;;;;;;;;;;;;;;;;;;;;;;;;;;;;;;;;;;;
Igara Beak;Creature;AC;;2;C;MP_Beak.tga;;;;9;3;8;4;1;3;6;;;;;;;;;;;;;;;;;;;;;;;;;;;;;;;;;;;
Igara Wing;Creature;JO;;2;C;MP_Wing.tga;;;;0;4;3;0;11;13;6;;;;;;;;;;;;;;;;;;;;;;;;;;;;;;;;;;;
Igara Ligament;Creature;HP;;2;C;MP_Ligament.tga;;;;9;2;6;7;12;1;6;;;;;;;;;;;;;;;;;;;;;;;;;;;;;;;;;;;
Izam Bone;Creature;DL;;2;C;MP_Bone.tga;;;;9;4;0;0;1;3;7;;;;;;;;;;;;;;;;;;;;;;;;;;;;;;;;;;;
Izam Leather;Creature;IM;;2;C;MP_Leather.tga;;;;7;9;8;7;12;0;7;;;;;;;;;;;;;;;;;;;;;;;;;;;;;;;;;;;
Izam Beak;Creature;AC;;2;C;MP_Beak.tga;;;;4;8;9;7;3;2;7;;;;;;;;;;;;;;;;;;;;;;;;;;;;;;;;;;;
Izam Wing;Creature;JO;;2;C;MP_Wing.tga;;;;5;3;0;11;12;0;7;;;;;;;;;;;;;;;;;;;;;;;;;;;;;;;;;;;
Izam Ligament;Creature;HP;;2;C;MP_Ligament.tga;;;;9;1;7;10;12;13;7;;;;;;;;;;;;;;;;;;;;;;;;;;;;;;;;;;;
Yber Bone;Creature;DL;;2;C;MP_Bone.tga;;;;7;2;9;4;5;3;0;;;;;;;;;;;;;;;;;;;;;;;;;;;;;;;;;;;
Yber Leather;Creature;IM;;2;C;MP_Leather.tga;;;;5;6;0;10;0;6;0;;;;;;;;;;;;;;;;;;;;;;;;;;;;;;;;;;;
Yber Beak;Creature;AC;;2;C;MP_Beak.tga;;;;0;7;1;4;8;0;0;;;;;;;;;;;;;;;;;;;;;;;;;;;;;;;;;;;
Yber Wing;Creature;JO;;2;C;MP_Wing.tga;;;;0;1;3;7;1;10;0;;;;;;;;;;;;;;;;;;;;;;;;;;;;;;;;;;;
Yber Ligament;Creature;HP;;2;C;MP_Ligament.tga;;;;7;2;1;0;10;6;0;;;;;;;;;;;;;;;;;;;;;;;;;;;;;;;;;;;
;;;;;;;;;;;;;;;;;;;;;;;;;;;;;;;;;;;;;;;;;;;;;;;;;;;
Cratcha Bud;Creature;RZ;;2;C;MP_Bud.tga;;Plant;;0;1;-1;0;20;18;1;13;;;;;;;;;;;;;;;;;;;;;;;;;;;;;;;;;;
Cratcha Moss;Creature;KN;;2;C;MP_Moss.tga;;;;0;5;1;11;13;10;1;;;;;;;;;;;;;;;;;;;;;;;;;;;;;;;;;;;
Jubla Bud;Creature;RZ;;2;C;MP_Bud.tga;;;;0;1;-1;17;19;0;2;14;;;;;;;;;;;;;;;;;;;;;;;;;;;;;;;;;;
Jubla Moss;Creature;KN;;2;C;MP_Moss.tga;;;;0;4;1;11;7;6;2;;;;;;;;;;;;;;;;;;;;;;;;;;;;;;;;;;;
Psykopla Bud;Creature;RZ;;2;C;MP_Bud.tga;;;;0;1;-1;17;0;14;3;15;;;;;;;;;;;;;;;;;;;;;;;;;;;;;;;;;;
Psykopla Moss;Creature;KN;;2;C;MP_Moss.tga;;;;5;0;4;11;10;12;3;;;;;;;;;;;;;;;;;;;;;;;;;;;;;;;;;;;
Shooki Bud;Creature;RZ;;2;C;MP_Bud.tga;;;;0;1;-1;0;21;1;4;0;;;;;;;;;;;;;;;;;;;;;;;;;;;;;;;;;;
Shooki Moss;Creature;KN;;2;C;MP_Moss.tga;;;;0;5;1;0;6;7;4;;;;;;;;;;;;;;;;;;;;;;;;;;;;;;;;;;;
Slaveni Bud;Creature;RZ;;2;C;MP_Bud.tga;;;;0;1;-1;17;14;0;5;1;;;;;;;;;;;;;;;;;;;;;;;;;;;;;;;;;;
Slaveni Moss;Creature;KN;;2;C;MP_Moss.tga;;;;0;1;5;10;6;1;5;;;;;;;;;;;;;;;;;;;;;;;;;;;;;;;;;;;
Stinga Bud;Creature;RZ;;2;C;MP_Bud.tga;;;;0;1;-1;17;21;1;6;2;;;;;;;;;;;;;;;;;;;;;;;;;;;;;;;;;;
Stinga Moss;Creature;KN;;2;C;MP_Moss.tga;;;;0;4;5;0;11;6;6;;;;;;;;;;;;;;;;;;;;;;;;;;;;;;;;;;;
;;;;;;;;;;;;;;;;;;;;;;;;;;;;;;;;;;;;;;;;;;;;;;;;;;;
Kiban Mandible;Creature;DL;;2;C;MP_Mandible.tga;;Kitin;;9;0;3;5;3;1;7;;;;;;;;;;;;;;;;;;;;;;;;;;;;;;;;;;;
Kiban Shell;Creature;IM;;2;C;MP_KitinShell.tga;;;;0;5;7;0;1;7;7;;;;;;;;;;;;;;;;;;;;;;;;;;;;;;;;;;;
Kiban Sting;Creature;AC;;2;C;MP_Sting.tga;;;;0;7;9;0;9;2;7;;;;;;;;;;;;;;;;;;;;;;;;;;;;;;;;;;;
Kiban Secretion;Creature;JO;;2;C;MP_Kitin_Secretion.tga;;;;4;3;5;10;0;7;7;;;;;;;;;;;;;;;;;;;;;;;;;;;;;;;;;;;
Kiban Tail;Creature;HP;;2;C;MP_Tail.tga;;;;7;9;4;7;12;10;7;;;;;;;;;;;;;;;;;;;;;;;;;;;;;;;;;;;
Kidinak Mandible;Creature;DL;;2;C;MP_Mandible.tga;;;;0;1;9;5;1;4;0;;;;;;;;;;;;;;;;;;;;;;;;;;;;;;;;;;;
Kidinak Shell;Creature;IM;;2;C;MP_KitinShell.tga;;;;7;1;9;0;11;6;0;;;;;;;;;;;;;;;;;;;;;;;;;;;;;;;;;;;
Kidinak Claw;Creature;AC;;2;C;MP_Claw.tga;;;;4;7;1;0;1;8;0;;;;;;;;;;;;;;;;;;;;;;;;;;;;;;;;;;;
Kidinak Secretion;Creature;JO;;2;C;MP_Kitin_Secretion.tga;;;;4;3;1;0;6;11;0;;;;;;;;;;;;;;;;;;;;;;;;;;;;;;;;;;;
Kidinak Tail;Creature;HP;;2;C;MP_Tail.tga;;;;7;3;9;10;1;12;0;;;;;;;;;;;;;;;;;;;;;;;;;;;;;;;;;;;
Kincher Mandible;Creature;DL;;2;C;MP_Mandible.tga;;;;9;4;8;0;4;1;1;;;;;;;;;;;;;;;;;;;;;;;;;;;;;;;;;;;
Kincher Shell;Creature;IM;;2;C;MP_KitinShell.tga;;;;7;0;8;0;13;11;1;;;;;;;;;;;;;;;;;;;;;;;;;;;;;;;;;;;
Kincher Sting;Creature;AC;;2;C;MP_Sting.tga;;;;4;8;0;9;7;0;1;;;;;;;;;;;;;;;;;;;;;;;;;;;;;;;;;;;
Kincher Secretion;Creature;JO;;2;C;MP_Kitin_Secretion.tga;;;;0;5;3;11;10;1;1;;;;;;;;;;;;;;;;;;;;;;;;;;;;;;;;;;;
Kincher Tail;Creature;HP;;2;C;MP_Tail.tga;;;;5;0;4;10;13;11;1;;;;;;;;;;;;;;;;;;;;;;;;;;;;;;;;;;;
Kinrey Mandible;Creature;DL;;2;C;MP_Mandible.tga;;;;7;1;3;4;3;1;2;;;;;;;;;;;;;;;;;;;;;;;;;;;;;;;;;;;
Kinrey Shell;Creature;IM;;2;C;MP_KitinShell.tga;;;;5;3;8;11;6;12;2;;;;;;;;;;;;;;;;;;;;;;;;;;;;;;;;;;;
Kinrey Sting;Creature;AC;;2;C;MP_Sting.tga;;;;9;2;4;7;8;0;2;;;;;;;;;;;;;;;;;;;;;;;;;;;;;;;;;;;
Kinrey Secretion;Creature;JO;;2;C;MP_Kitin_Secretion.tga;;;;5;4;0;11;6;1;2;;;;;;;;;;;;;;;;;;;;;;;;;;;;;;;;;;;
Kinrey Tail;Creature;HP;;2;C;MP_Tail.tga;;;;5;3;1;10;12;13;2;;;;;;;;;;;;;;;;;;;;;;;;;;;;;;;;;;;
Kipee Mandible;Creature;DL;;2;C;MP_Mandible.tga;;;;9;8;1;4;1;0;3;;;;;;;;;;;;;;;;;;;;;;;;;;;;;;;;;;;
Kipee Shell;Creature;IM;;2;C;MP_KitinShell.tga;;;;9;0;5;11;1;6;3;;;;;;;;;;;;;;;;;;;;;;;;;;;;;;;;;;;
Kipee Sting;Creature;AC;;2;C;MP_Sting.tga;;;;7;2;6;7;6;8;3;;;;;;;;;;;;;;;;;;;;;;;;;;;;;;;;;;;
Kipee Secretion;Creature;JO;;2;C;MP_Kitin_Secretion.tga;;;;4;1;5;7;12;0;3;;;;;;;;;;;;;;;;;;;;;;;;;;;;;;;;;;;
Kipee Tail;Creature;HP;;2;C;MP_Tail.tga;;;;0;2;4;0;12;10;3;;;;;;;;;;;;;;;;;;;;;;;;;;;;;;;;;;;
Kipesta Mandible;Creature;DL;;2;C;MP_Mandible.tga;;;;7;1;3;4;3;1;4;;;;;;;;;;;;;;;;;;;;;;;;;;;;;;;;;;;
Kipesta Shell;Creature;IM;;2;C;MP_KitinShell.tga;;;;4;5;3;0;13;7;4;;;;;;;;;;;;;;;;;;;;;;;;;;;;;;;;;;;
Kipesta Sting;Creature;AC;;2;C;MP_Sting.tga;;;;9;8;4;9;6;0;4;;;;;;;;;;;;;;;;;;;;;;;;;;;;;;;;;;;
Kipesta Wing;Creature;JO;;2;C;MP_Wing.tga;;;;5;1;3;10;0;11;4;;;;;;;;;;;;;;;;;;;;;;;;;;;;;;;;;;;
Kipesta Tail;Creature;HP;;2;C;MP_Tail.tga;;;;0;1;8;0;10;11;4;;;;;;;;;;;;;;;;;;;;;;;;;;;;;;;;;;;
Kipucka Mandible;Creature;DL;;2;C;MP_Mandible.tga;;;;7;9;2;0;5;4;5;;;;;;;;;;;;;;;;;;;;;;;;;;;;;;;;;;;
Kipucka Shell;Creature;IM;;2;C;MP_KitinShell.tga;;;;9;8;0;11;10;1;5;;;;;;;;;;;;;;;;;;;;;;;;;;;;;;;;;;;
Kipucka Claw;Creature;AC;;2;C;MP_Claw.tga;;;;0;8;4;0;9;7;5;;;;;;;;;;;;;;;;;;;;;;;;;;;;;;;;;;;
Kipucka Secretion;Creature;JO;;2;C;MP_Kitin_Secretion.tga;;;;0;1;5;11;7;1;5;;;;;;;;;;;;;;;;;;;;;;;;;;;;;;;;;;;
Kipucka Rostrum;Creature;HP;;2;C;MP_Rostrum.tga;;;;9;7;6;11;7;13;5;;;;;;;;;;;;;;;;;;;;;;;;;;;;;;;;;;;
Kirosta Mandible;Creature;DL;;2;C;MP_Mandible.tga;;;;4;2;6;0;3;4;6;;;;;;;;;;;;;;;;;;;;;;;;;;;;;;;;;;;
Kirosta Shell;Creature;IM;;2;C;MP_KitinShell.tga;;;;4;5;7;11;10;7;6;;;;;;;;;;;;;;;;;;;;;;;;;;;;;;;;;;;
Kirosta Sting;Creature;AC;;2;C;MP_Sting.tga;;;;7;2;8;0;8;9;6;;;;;;;;;;;;;;;;;;;;;;;;;;;;;;;;;;;
Kirosta Secretion;Creature;JO;;2;C;MP_Kitin_Secretion.tga;;;;5;0;4;10;12;11;6;;;;;;;;;;;;;;;;;;;;;;;;;;;;;;;;;;;
Kirosta Tail;Creature;HP;;2;C;MP_Tail.tga;;;;5;1;9;7;1;12;6;;;;;;;;;;;;;;;;;;;;;;;;;;;;;;;;;;;
Kizarak Mandible;Creature;DL;;2;C;MP_Mandible.tga;;;;9;4;7;0;4;3;7;;;;;;;;;;;;;;;;;;;;;;;;;;;;;;;;;;;
Kizarak Shell;Creature;IM;;2;C;MP_KitinShell.tga;;;;0;3;6;10;6;1;7;;;;;;;;;;;;;;;;;;;;;;;;;;;;;;;;;;;
Kizarak Sting;Creature;AC;;2;C;MP_Sting.tga;;;;0;9;4;4;6;7;7;;;;;;;;;;;;;;;;;;;;;;;;;;;;;;;;;;;
Kizarak Secretion;Creature;JO;;2;C;MP_Kitin_Secretion.tga;;;;5;3;0;0;11;13;7;;;;;;;;;;;;;;;;;;;;;;;;;;;;;;;;;;;
Kizarak Tail;Creature;HP;;2;C;MP_Tail.tga;;;;5;6;7;10;13;0;7;;;;;;;;;;;;;;;;;;;;;;;;;;;;;;;;;;;
Kizoar Mandible;Creature;DL;;2;C;MP_Mandible.tga;;;;0;3;7;4;3;5;0;;;;;;;;;;;;;;;;;;;;;;;;;;;;;;;;;;;
Kizoar Shell;Creature;IM;;2;C;MP_KitinShell.tga;;;;4;3;5;7;13;12;0;;;;;;;;;;;;;;;;;;;;;;;;;;;;;;;;;;;
Kizoar Sting;Creature;AC;;2;C;MP_Sting.tga;;;;0;6;1;4;7;1;0;;;;;;;;;;;;;;;;;;;;;;;;;;;;;;;;;;;
Kizoar Wing;Creature;JO;;2;C;MP_Wing.tga;;;;0;5;1;7;1;13;0;;;;;;;;;;;;;;;;;;;;;;;;;;;;;;;;;;;
Kizoar Tail;Creature;HP;;2;C;MP_Tail.tga;;;;0;7;9;11;13;6;0;;;;;;;;;;;;;;;;;;;;;;;;;;;;;;;;;;;
;;;;;;;;;;;;;;;;;;;;;;;;;;;;;;;;;;;;;;;;;;;;;;;;;;;
;;;;;;;;;;;;;;;;;;;;;;;;;;;;;;;;;;;;;;;;;;;;;;;;;;;
;;;;;;;;;;;;;;;;;;;;;;;;;;;;;;;;;;;;;;;;;;;;;;;;;;;
;;;;;;;;;;;;;;;;;;;;;;;;;;;;;;;;;;;;;;;;;;;;;;;;;;;
Horny Shell;Shell;AC;;2;D;MP_Shell.tga;;Forage;;1;3;4;1;9;7;0;;;;;;;;;;;;;;;;;;;;;;;;;;;;;;;;;;;
Smart Shell;Shell;AC;;2;D;MP_Shell.tga;;;;2;9;3;2;3;8;1;;;;;;;;;;;;;;;;;;;;;;;;;;;;;;;;;;;
Big Shell;Shell;AC;;2;D;MP_Shell.tga;;;;3;6;0;3;6;4;2;;;;;;;;;;;;;;;;;;;;;;;;;;;;;;;;;;;
Cuty Shell;Shell;AC;;2;D;MP_Shell.tga;;;;6;3;4;6;2;9;3;;;;;;;;;;;;;;;;;;;;;;;;;;;;;;;;;;;
Splinter Shell;Shell;AC;;2;D;MP_Shell.tga;;;;8;7;9;8;9;1;4;;;;;;;;;;;;;;;;;;;;;;;;;;;;;;;;;;;
Tansy Wood Node;Node;BF;;2;D;MP_Wood_Node.tga;;;;1;0;9;1;8;9;5;;;;;;;;;;;;;;;;;;;;;;;;;;;;;;;;;;;
Patee Wood Node;Node;BF;;2;D;MP_Wood_Node.tga;;;;2;6;1;2;1;0;6;;;;;;;;;;;;;;;;;;;;;;;;;;;;;;;;;;;
Yana Wood Node;Node;BF;;2;D;MP_Wood_Node.tga;;;;3;7;6;6;9;4;7;;;;;;;;;;;;;;;;;;;;;;;;;;;;;;;;;;;
Nita Wood Node;Node;BF;;2;D;MP_Wood_Node.tga;;;;6;0;4;8;7;2;0;;;;;;;;;;;;;;;;;;;;;;;;;;;;;;;;;;;
Scrath Wood Node;Node;BF;;2;D;MP_Wood_Node.tga;;;;8;3;6;1;0;9;1;;;;;;;;;;;;;;;;;;;;;;;;;;;;;;;;;;;
Pha Amber;Amber;RZ;;2;D;MP_Amber.tga;;;;1;0;-1;1;15;2;2;0;;;;;;;;;;;;;;;;;;;;;;;;;;;;;;;;;;
Zun Amber;Amber;RZ;;2;D;MP_Amber.tga;;;;1;0;-1;2;20;0;3;1;;;;;;;;;;;;;;;;;;;;;;;;;;;;;;;;;;
Sha Amber;Amber;RZ;;2;D;MP_Amber.tga;;;;1;0;-1;14;2;15;4;2;;;;;;;;;;;;;;;;;;;;;;;;;;;;;;;;;;
Soo Amber;Amber;RZ;;2;D;MP_Amber.tga;;;;1;0;-1;16;19;1;5;0;;;;;;;;;;;;;;;;;;;;;;;;;;;;;;;;;;
Hash Amber;Amber;RZ;;2;D;MP_Amber.tga;;;;1;0;-1;18;1;17;6;1;;;;;;;;;;;;;;;;;;;;;;;;;;;;;;;;;;
Beng Amber;Amber;RZ;;2;D;MP_Amber.tga;;;;1;0;-1;20;1;19;7;3;;;;;;;;;;;;;;;;;;;;;;;;;;;;;;;;;;
Abhaya Wood;Wood;IM;;2;D;MP_Wood.tga;;;;1;8;0;1;7;0;0;;;;;;;;;;;;;;;;;;;;;;;;;;;;;;;;;;;
Motega Wood;Wood;IM;;2;D;MP_Wood.tga;;;;2;7;1;6;0;11;1;;;;;;;;;;;;;;;;;;;;;;;;;;;;;;;;;;;
Eyota Wood;Wood;IM;;2;D;MP_Wood.tga;;;;3;9;8;12;11;6;2;;;;;;;;;;;;;;;;;;;;;;;;;;;;;;;;;;;
Tama Wood;Wood;IM;;2;D;MP_Wood.tga;;;;6;2;1;13;12;1;3;;;;;;;;;;;;;;;;;;;;;;;;;;;;;;;;;;;
Kachine Wood;Wood;IM;;2;D;MP_Wood.tga;;;;8;6;9;1;10;13;4;;;;;;;;;;;;;;;;;;;;;;;;;;;;;;;;;;;
Redhot Sap;Sap;HP;;2;D;MP_Sap.tga;;;;1;2;8;1;13;11;5;;;;;;;;;;;;;;;;;;;;;;;;;;;;;;;;;;;
Visc Sap;Sap;HP;;2;D;MP_Sap.tga;;;;2;9;3;6;7;0;6;;;;;;;;;;;;;;;;;;;;;;;;;;;;;;;;;;;
Dante Sap;Sap;HP;;2;D;MP_Sap.tga;;;;3;6;2;12;7;13;7;;;;;;;;;;;;;;;;;;;;;;;;;;;;;;;;;;;
Enola Sap;Sap;HP;;2;D;MP_Sap.tga;;;;6;9;7;13;7;10;0;;;;;;;;;;;;;;;;;;;;;;;;;;;;;;;;;;;
Silverweed Sap;Sap;HP;;2;D;MP_Sap.tga;;;;8;6;4;1;6;0;1;;;;;;;;;;;;;;;;;;;;;;;;;;;;;;;;;;;
Perfling Bark;Bark;DL;;2;D;MP_Bark.tga;;;;1;3;0;1;4;3;2;;;;;;;;;;;;;;;;;;;;;;;;;;;;;;;;;;;
Beckers Bark;Bark;DL;;2;D;MP_Bark.tga;;;;2;1;6;3;4;5;3;;;;;;;;;;;;;;;;;;;;;;;;;;;;;;;;;;;
Oath Bark;Bark;DL;;2;D;MP_Bark.tga;;;;3;7;1;1;0;5;4;;;;;;;;;;;;;;;;;;;;;;;;;;;;;;;;;;;
Mitexi Bark;Bark;DL;;2;D;MP_Bark.tga;;;;6;3;0;3;5;0;5;;;;;;;;;;;;;;;;;;;;;;;;;;;;;;;;;;;
Adriel Bark;Bark;DL;;2;D;MP_Bark.tga;;;;8;4;1;1;5;4;6;;;;;;;;;;;;;;;;;;;;;;;;;;;;;;;;;;;
Caprice Seed;Seed;GQ;;2;D;MP_Seed.tga;;;;1;0;6;1;0;-1;7;;;;;;;;;;;;;;;;;;;;;;;;;;;;;;;;;;;
Sarina Seed;Seed;GQ;;2;D;MP_Seed.tga;;;;2;8;4;1;0;-1;0;;;;;;;;;;;;;;;;;;;;;;;;;;;;;;;;;;;
Saurona Seed;Seed;GQ;;2;D;MP_Seed.tga;;;;6;8;0;1;0;-1;1;;;;;;;;;;;;;;;;;;;;;;;;;;;;;;;;;;;
Silvio Seed;Seed;GQ;;2;D;MP_Seed.tga;;;;8;0;9;1;0;-1;2;;;;;;;;;;;;;;;;;;;;;;;;;;;;;;;;;;;
Buo Fiber;Fiber;EY;;2;D;MP_Fiber.tga;;;;1;9;8;1;0;10;3;;;;;;;;;;;;;;;;;;;;;;;;;;;;;;;;;;;
Shu Fiber;Fiber;EY;;2;D;MP_Fiber.tga;;;;2;7;9;6;11;10;4;;;;;;;;;;;;;;;;;;;;;;;;;;;;;;;;;;;
Anete Fiber;Fiber;EY;;2;D;MP_Fiber.tga;;;;6;4;7;12;0;11;5;;;;;;;;;;;;;;;;;;;;;;;;;;;;;;;;;;;
Dzao Fiber;Fiber;EY;;2;D;MP_Fiber.tga;;;;8;9;2;13;6;12;6;;;;;;;;;;;;;;;;;;;;;;;;;;;;;;;;;;;
Glue Resin;Resin;KN;;2;D;MP_Resin.tga;;;;1;0;5;1;0;13;7;;;;;;;;;;;;;;;;;;;;;;;;;;;;;;;;;;;
Moon Resin;Resin;KN;;2;D;MP_Resin.tga;;;;1;0;4;6;10;11;0;;;;;;;;;;;;;;;;;;;;;;;;;;;;;;;;;;;
Fung Resin;Resin;KN;;2;D;MP_Resin.tga;;;;1;5;4;12;7;10;1;;;;;;;;;;;;;;;;;;;;;;;;;;;;;;;;;;;
Dung Resin;Resin;KN;;2;D;MP_Resin.tga;;;;1;5;4;13;7;1;2;;;;;;;;;;;;;;;;;;;;;;;;;;;;;;;;;;;
Pilan Oil;Oil;JO;;2;D;MP_Oil.tga;;;;1;5;3;1;11;10;3;;;;;;;;;;;;;;;;;;;;;;;;;;;;;;;;;;;
Gulatch Oil;Oil;JO;;2;D;MP_Oil.tga;;;;3;4;5;6;0;10;4;;;;;;;;;;;;;;;;;;;;;;;;;;;;;;;;;;;
Irin Oil;Oil;JO;;2;D;MP_Oil.tga;;;;1;4;3;12;1;13;5;;;;;;;;;;;;;;;;;;;;;;;;;;;;;;;;;;;
Koorin Oil;Oil;JO;;2;D;MP_Oil.tga;;;;3;1;5;13;7;11;6;;;;;;;;;;;;;;;;;;;;;;;;;;;;;;;;;;;
;;;;;;;;;;;;;;;;;;;;;;;;;;;;;;;;;;;;;;;;;;;;;;;;;;;
;;;;;;;;;;;;;;;;;;;;;;;;;;;;;;;;;;;;;;;;;;;;;;;;;;;
;;;;;;;;;;;;;;;;;;;;;;;;;;;;;;;;;;;;;;;;;;;;;;;;;;;
;;;;;;;;;;;;;;;;;;;;;;;;;;;;;;;;;;;;;;;;;;;;;;;;;;;
;;;;;;;;;;;;;;;;;;;;;;;;;;;;;;;;;;;;;;;;;;;;;;;;;;;
Green Leaf;Food;;;2;D;MP_Leaf.tga;MP_leaf;(Missions);;;;;;;;;;;;;;;;;;;;;;;;;;;;;;;;;;;;;;;;;;;
Dead Leaf;Construction;;;2;D;MP_Leaf.tga;feuille rouge;;;;;;;;;;;;;;;;;;;;;;;;;;;;;;;;;;;;;;;;;;;;
Rotting Leaf;Nocive;;;2;D;MP_Leaf.tga;feuille en décomposition;;;;;;;;;;;;;;;;;;;;;;;;;;;;;;;;;;;;;;;;;;;;
Fresh Resin;Construction;;;2;D;MP_Resin.tga;MP_resin;;;;;;;;;;;;;;;;;;;;;;;;;;;;;;;;;;;;;;;;;;;;
Dry Resin;Preservative;;;2;D;MP_Resin.tga;MP_resin;;;;;;;;;;;;;;;;;;;;;;;;;;;;;;;;;;;;;;;;;;;;
Fresh Wood;Construction;;;2;D;MP_Wood.tga;MP_wood;;;;;;;;;;;;;;;;;;;;;;;;;;;;;;;;;;;;;;;;;;;;
Dry Wood;Construction;;;2;D;MP_Wood.tga;MP_wood;;;;;;;;;;;;;;;;;;;;;;;;;;;;;;;;;;;;;;;;;;;;
Rotting Wood;Nocive;;;2;D;MP_Wood.tga;MP_wood;;;;;;;;;;;;;;;;;;;;;;;;;;;;;;;;;;;;;;;;;;;;
Dry Wood Sawdust;Preservative;;;2;D;MP_Sawdust.tga;sciure de bois;;;;;;;;;;;;;;;;;;;;;;;;;;;;;;;;;;;;;;;;;;;;
Damp Wood Sawdust;Construction;;;2;D;MP_Sawdust.tga;sciure de bois;;;;;;;;;;;;;;;;;;;;;;;;;;;;;;;;;;;;;;;;;;;;
Small Reed Leaf;Construction;;;2;D;MP_Leaf.tga;feuille de roseau;;;;;;;;;;;;;;;;;;;;;;;;;;;;;;;;;;;;;;;;;;;;
Large Reed Leaf;Construction;;;2;D;MP_Leaf.tga;feuille de roseau;;;;;;;;;;;;;;;;;;;;;;;;;;;;;;;;;;;;;;;;;;;;
Giant Reed Leaf;Construction;;;2;D;MP_Leaf.tga;feuille de roseau;;;;;;;;;;;;;;;;;;;;;;;;;;;;;;;;;;;;;;;;;;;;
Small Thorn;Nocive;;;2;D;MP_Spine.tga;MP_spine;;;;;;;;;;;;;;;;;;;;;;;;;;;;;;;;;;;;;;;;;;;;
Large Thorn;Nocive;;;2;D;MP_Spine.tga;MP_spine;;;;;;;;;;;;;;;;;;;;;;;;;;;;;;;;;;;;;;;;;;;;
Giant Thorn;Nocive;;;2;D;MP_Spine.tga;MP_spine;;;;;;;;;;;;;;;;;;;;;;;;;;;;;;;;;;;;;;;;;;;;
Fresh Bark;Construction;;;2;D;MP_Bark.tga;MP_bark;;;;;;;;;;;;;;;;;;;;;;;;;;;;;;;;;;;;;;;;;;;;
Dry Bark;Construction;;;2;D;MP_Bark.tga;MP_bark;;;;;;;;;;;;;;;;;;;;;;;;;;;;;;;;;;;;;;;;;;;;
;;;;;;;;;;;;;;;;;;;;;;;;;;;;;;;;;;;;;;;;;;;;;;;;;;;
Dry Straw;Preservative;;;2;D;MP_Straw.tga;paille;;;;;;;;;;;;;;;;;;;;;;;;;;;;;;;;;;;;;;;;;;;;
Damp Straw;Preservative;;;2;D;MP_Straw.tga;paille;;;;;;;;;;;;;;;;;;;;;;;;;;;;;;;;;;;;;;;;;;;;
Dust;Nocive;;;2;D;MP_Dust.tga;sciure de bois;;;;;;;;;;;;;;;;;;;;;;;;;;;;;;;;;;;;;;;;;;;;
Dry Fiber;Construction;;;2;D;MP_Fiber.tga;MP_fiber;;;;;;;;;;;;;;;;;;;;;;;;;;;;;;;;;;;;;;;;;;;;
Damp Fiber;Construction;;;2;D;MP_Fiber.tga;MP_fiber;;;;;;;;;;;;;;;;;;;;;;;;;;;;;;;;;;;;;;;;;;;;
Rotting Fiber;Nocive;;;2;D;MP_Fiber.tga;MP_fiber;;;;;;;;;;;;;;;;;;;;;;;;;;;;;;;;;;;;;;;;;;;;
;;;;;;;;;;;;;;;;;;;;;;;;;;;;;;;;;;;;;;;;;;;;;;;;;;;
Small Pearly Shell;Construction;;Tryker;3;D;MP_Shell.tga;MP_shell;;;;;;;;;;;;;;;;;;;;;;;;;;;;;;;;;;;;;;;;;;;;
Large Pearly Shell;Construction;;Tryker;3;D;MP_Shell.tga;MP_shell;;;;;;;;;;;;;;;;;;;;;;;;;;;;;;;;;;;;;;;;;;;;
Giant Pearly Shell;Construction;;Tryker;3;D;MP_Shell.tga;MP_shell;;;;;;;;;;;;;;;;;;;;;;;;;;;;;;;;;;;;;;;;;;;;
Small Pearl;Construction;;Tryker;3;D;MP_pearl.tga;perle;;;;;;;;;;;;;;;;;;;;;;;;;;;;;;;;;;;;;;;;;;;;
Large Pearl;Construction;;Tryker;3;D;MP_pearl.tga;perle;;;;;;;;;;;;;;;;;;;;;;;;;;;;;;;;;;;;;;;;;;;;
Giant Pearl;Construction;;Tryker;3;D;MP_pearl.tga;perle;;;;;;;;;;;;;;;;;;;;;;;;;;;;;;;;;;;;;;;;;;;;
Silvery Fish Scale;Construction;;Tryker;3;D;MP_Fish_Scale.tga;écaille de poisson argentée;;;;;;;;;;;;;;;;;;;;;;;;;;;;;;;;;;;;;;;;;;;;
Golden Fish Scale;Construction;;Tryker;3;D;MP_Fish_Scale.tga;écaille de poisson dorée;;;;;;;;;;;;;;;;;;;;;;;;;;;;;;;;;;;;;;;;;;;;
;;;;;;;;;;;;;;;;;;;;;;;;;;;;;;;;;;;;;;;;;;;;;;;;;;;
Living Parasite;Insect;;;2;D;MP_Parasite.tga;MP_parasite;;;;;;;;;;;;;;;;;;;;;;;;;;;;;;;;;;;;;;;;;;;;
Dead Parasite;Insect;;;2;D;MP_Parasite.tga;MP_parasite;;;;;;;;;;;;;;;;;;;;;;;;;;;;;;;;;;;;;;;;;;;;
Small Spiders Web;Nocive;;;2;D;MP_Spiders_Web.tga;toile d'araignée;;;;;;;;;;;;;;;;;;;;;;;;;;;;;;;;;;;;;;;;;;;;
Large Spiders Web;Nocive;;;2;D;MP_Spiders_Web.tga;toile d'araignée;;;;;;;;;;;;;;;;;;;;;;;;;;;;;;;;;;;;;;;;;;;;
Worm Silk;Construction;;;2;D;MP_Fiber.tga;soie;;;;;;;;;;;;;;;;;;;;;;;;;;;;;;;;;;;;;;;;;;;;
Spider Silk;Construction;;;2;D;MP_Fiber.tga;soie;;;;;;;;;;;;;;;;;;;;;;;;;;;;;;;;;;;;;;;;;;;;
Small Firefly Abdomen;Insect;;;2;D;MP_Firefly_Abdomen.tga;abdomen de luciole;;;;;;;;;;;;;;;;;;;;;;;;;;;;;;;;;;;;;;;;;;;;
Large Firefly Abdomen;Insect;;;2;D;MP_Firefly_Abdomen.tga;abdomen de luciole;;;;;;;;;;;;;;;;;;;;;;;;;;;;;;;;;;;;;;;;;;;;
Red Butterfly Wing;Insect;;;2;D;MP_Buterfly_blue.tga;aile de papillon rouge;;;;;;;;;;;;;;;;;;;;;;;;;;;;;;;;;;;;;;;;;;;;
Green Butterfly Wing;Insect;;;2;D;MP_Buterfly_blue.tga;aile de papillon verte;;;;;;;;;;;;;;;;;;;;;;;;;;;;;;;;;;;;;;;;;;;;
Blue Butterfly Wing;Insect;;;2;D;MP_Buterfly_blue.tga;aile de papillon bleu;;;;;;;;;;;;;;;;;;;;;;;;;;;;;;;;;;;;;;;;;;;;
Yellow Butterfly Wing;Insect;;;2;D;MP_Buterfly_blue.tga;aile de papillon jaune;;;;;;;;;;;;;;;;;;;;;;;;;;;;;;;;;;;;;;;;;;;;
Fresh Wax;Preservative;;;2;D;MP_pollen.tga;cire;;;;;;;;;;;;;;;;;;;;;;;;;;;;;;;;;;;;;;;;;;;;
Dry Wax;Preservative;;;2;D;MP_pollen.tga;cire;;;;;;;;;;;;;;;;;;;;;;;;;;;;;;;;;;;;;;;;;;;;
Fresh Kitin Cocoon;Kitin;;;2;D;MP_Buterfly_cocoon.tga;cocon;;;;;;;;;;;;;;;;;;;;;;;;;;;;;;;;;;;;;;;;;;;;
Old Kitin Cocoon;Kitin;;;2;D;MP_Buterfly_cocoon.tga;cocon;;;;;;;;;;;;;;;;;;;;;;;;;;;;;;;;;;;;;;;;;;;;
Kitin Saliva;Kitin;;;2;D;MP_Kitin_Secretion.tga;MP_kitin_secretion;;;;;;;;;;;;;;;;;;;;;;;;;;;;;;;;;;;;;;;;;;;;
;;;;;;;;;;;;;;;;;;;;;;;;;;;;;;;;;;;;;;;;;;;;;;;;;;;
Fresh Flower Petal;Food;;;2;D;MP_flowers.tga;pétale de fleur;;;;;;;;;;;;;;;;;;;;;;;;;;;;;;;;;;;;;;;;;;;;
Dried Flower Petal;Food;;;2;D;MP_flowers.tga;pétale de fleur;;;;;;;;;;;;;;;;;;;;;;;;;;;;;;;;;;;;;;;;;;;;
Small Bud;Food;;;2;D;MP_Bud.tga;bourgeon;;;;;;;;;;;;;;;;;;;;;;;;;;;;;;;;;;;;;;;;;;;;
Large Bud;Food;;;2;D;MP_Bud.tga;bourgeon;;;;;;;;;;;;;;;;;;;;;;;;;;;;;;;;;;;;;;;;;;;;
Fresh Moss;Preservative;;;2;D;MP_Moss.tga;MP_moss;;;;;;;;;;;;;;;;;;;;;;;;;;;;;;;;;;;;;;;;;;;;
Dry Moss;Preservative;;;2;D;MP_Moss.tga;MP_moss;;;;;;;;;;;;;;;;;;;;;;;;;;;;;;;;;;;;;;;;;;;;
Fresh Dandelion;Food;;;2;D;MP_Dandelion.tga;MP_eucomina;;;;;;;;;;;;;;;;;;;;;;;;;;;;;;;;;;;;;;;;;;;;
Dried Dandelion;Food;;;2;D;MP_Dandelion.tga;MP_eucomina;;;;;;;;;;;;;;;;;;;;;;;;;;;;;;;;;;;;;;;;;;;;
Blooming Dandelion;Food;;;2;D;MP_Dandelion.tga;pissenlit fleuri (base MP_eucomina);;;;;;;;;;;;;;;;;;;;;;;;;;;;;;;;;;;;;;;;;;;;
Small Reed Stem;Construction;;;2;D;MP_Stem.tga;MP_adelina;;;;;;;;;;;;;;;;;;;;;;;;;;;;;;;;;;;;;;;;;;;;
Large Reed Stem;Construction;;;2;D;MP_Stem.tga;MP_adelina;;;;;;;;;;;;;;;;;;;;;;;;;;;;;;;;;;;;;;;;;;;;
;;;;;;;;;;;;;;;;;;;;;;;;;;;;;;;;;;;;;;;;;;;;;;;;;;;
Fresh Loose Soil;Construction;;;2;D;MP_Fresh_Loose_Soil.tga;terre maléable;;;;;;;;;;;;;;;;;;;;;;;;;;;;;;;;;;;;;;;;;;;;
Dried Loose Soil;Construction;;;2;D;MP_Fresh_Loose_Soil.tga;terre maléable;;;;;;;;;;;;;;;;;;;;;;;;;;;;;;;;;;;;;;;;;;;;
Fresh Modified Sap;Goo;;;2;D;MP_Sap.tga;seve altérée par goo (base MP_sap);;;;;;;;;;;;;;;;;;;;;;;;;;;;;;;;;;;;;;;;;;;;
Dried Modified Sap;Goo;;;2;D;MP_Sap.tga;seve altérée par goo (base MP_sap);;;;;;;;;;;;;;;;;;;;;;;;;;;;;;;;;;;;;;;;;;;;
Small Insect Fossil;Insect;;;2;D;MP_Insect_Fossil.tga;fossile d'insecte;;;;;;;;;;;;;;;;;;;;;;;;;;;;;;;;;;;;;;;;;;;;
Large Insect Fossil;Insect;;;2;D;MP_Insect_Fossil.tga;fossile d'insecte;;;;;;;;;;;;;;;;;;;;;;;;;;;;;;;;;;;;;;;;;;;;
Small Plant Fossil;Construction;;;2;D;MP_Plant_Fossil.tga;fossile de plante;;;;;;;;;;;;;;;;;;;;;;;;;;;;;;;;;;;;;;;;;;;;
Large Plant Fossil;Construction;;;2;D;MP_Plant_Fossil.tga;fossile de plante;;;;;;;;;;;;;;;;;;;;;;;;;;;;;;;;;;;;;;;;;;;;
Red Pigment;Construction;;;2;D;MP_Pigment.tga;pigment rouge;;;;;;;;;;;;;;;;;;;;;;;;;;;;;;;;;;;;;;;;;;;;
Green Pigment;Construction;;;2;D;MP_Pigment.tga;pigment vert;;;;;;;;;;;;;;;;;;;;;;;;;;;;;;;;;;;;;;;;;;;;
Blue Pigment;Construction;;;2;D;MP_Pigment.tga;pigment bleu;;;;;;;;;;;;;;;;;;;;;;;;;;;;;;;;;;;;;;;;;;;;
Yellow Pigment;Construction;;;2;D;MP_Pigment.tga;pigment jaune;;;;;;;;;;;;;;;;;;;;;;;;;;;;;;;;;;;;;;;;;;;;
Black Pigment;Construction;;;2;D;MP_Pigment.tga;pigment noir;;;;;;;;;;;;;;;;;;;;;;;;;;;;;;;;;;;;;;;;;;;;
Fresh Goo Residue;Goo;;;2;D;MP_Goo_Residue.tga;résidu de goo (feuille recouverte par exemple);;;;;;;;;;;;;;;;;;;;;;;;;;;;;;;;;;;;;;;;;;;;
Dried Goo Residue;Goo;;;2;D;MP_Goo_Residue.tga;résidu de goo (feuille recouverte par exemple);;;;;;;;;;;;;;;;;;;;;;;;;;;;;;;;;;;;;;;;;;;;
;;;;;;;;;;;;;;;;;;;;;;;;;;;;;;;;;;;;;;;;;;;;;;;;;;;
Small Mushroom;Food;;;2;D;MP_Mushroom.tga;MP_mushroom;;;;;;;;;;;;;;;;;;;;;;;;;;;;;;;;;;;;;;;;;;;;
Large Mushroom;Food;;;2;D;MP_Mushroom.tga;MP_mushroom;;;;;;;;;;;;;;;;;;;;;;;;;;;;;;;;;;;;;;;;;;;;
Living Insect Larva;Food;;;2;D;MP_Larva.tga;MP_larva;;;;;;;;;;;;;;;;;;;;;;;;;;;;;;;;;;;;;;;;;;;;
Fresh Cereal;Food;;;2;D;MP_Cereal.tga;MP_seed;;;;;;;;;;;;;;;;;;;;;;;;;;;;;;;;;;;;;;;;;;;;
Dried Cereal;Food;;;2;D;MP_Cereal.tga;MP_seed;;;;;;;;;;;;;;;;;;;;;;;;;;;;;;;;;;;;;;;;;;;;
Dead Insect Larva;Food;;;2;D;MP_Larva.tga;MP_larva;;;;;;;;;;;;;;;;;;;;;;;;;;;;;;;;;;;;;;;;;;;;
Small Egg;Food;;;2;D;MP_Egg.tga;MP_egg;;;;;;;;;;;;;;;;;;;;;;;;;;;;;;;;;;;;;;;;;;;;
Large Egg;Food;;;2;D;MP_Egg.tga;MP_egg;;;;;;;;;;;;;;;;;;;;;;;;;;;;;;;;;;;;;;;;;;;;
Fresh Honey;Food;;;2;D;MP_Horney.tga;miel;;;;;;;;;;;;;;;;;;;;;;;;;;;;;;;;;;;;;;;;;;;;
Dried Honey;Food;;;2;D;MP_Horney.tga;miel;;;;;;;;;;;;;;;;;;;;;;;;;;;;;;;;;;;;;;;;;;;;
Peppery Aromatic Plant;Food;;;2;D;MP_flowers.tga;MP_eucomina;;;;;;;;;;;;;;;;;;;;;;;;;;;;;;;;;;;;;;;;;;;;
Spicy Aromatic Plant;Food;;;2;D;MP_flowers.tga;MP_eucomina;;;;;;;;;;;;;;;;;;;;;;;;;;;;;;;;;;;;;;;;;;;;
Bitter Aromatic Plant;Food;;;2;D;MP_flowers.tga;MP_eucomina;;;;;;;;;;;;;;;;;;;;;;;;;;;;;;;;;;;;;;;;;;;;
Fresh Wild Berry;Food;;;2;D;MP_Fruit.tga;baies sauvages;;;;;;;;;;;;;;;;;;;;;;;;;;;;;;;;;;;;;;;;;;;;
Dried Wild Berry;Food;;;2;D;MP_Fruit.tga;baies sauvages;;;;;;;;;;;;;;;;;;;;;;;;;;;;;;;;;;;;;;;;;;;;
Small Fruit;Food;;;2;D;MP_Fruit.tga;MP_fruit;;;;;;;;;;;;;;;;;;;;;;;;;;;;;;;;;;;;;;;;;;;;
Large Fruit;Food;;;2;D;MP_Fruit.tga;MP_fruit;;;;;;;;;;;;;;;;;;;;;;;;;;;;;;;;;;;;;;;;;;;;
Mektoub Meat;Meat;;;2;C;MP_Meat.tga;MP_meat;;;;;;;;;;;;;;;;;;;;;;;;;;;;;;;;;;;;;;;;;;;;
Ragus Meat;Meat;;;2;C;MP_Meat.tga;MP_meat;;;;;;;;;;;;;;;;;;;;;;;;;;;;;;;;;;;;;;;;;;;;
Yubo Meat;Meat;;;2;C;MP_Meat.tga;MP_meat;;;;;;;;;;;;;;;;;;;;;;;;;;;;;;;;;;;;;;;;;;;;
Capryni Meat;Meat;;;2;C;MP_Meat.tga;MP_meat;;;;;;;;;;;;;;;;;;;;;;;;;;;;;;;;;;;;;;;;;;;;
Messab Meat;Meat;;;2;C;MP_Meat.tga;MP_meat;;;;;;;;;;;;;;;;;;;;;;;;;;;;;;;;;;;;;;;;;;;;
Cray Flesh;Meat;;;2;C;MP_Kitin_flesh.tga;MP_meat;;;;;;;;;;;;;;;;;;;;;;;;;;;;;;;;;;;;;;;;;;;;
Igara Meat;Meat;;;2;C;MP_Meat.tga;MP_meat;;;;;;;;;;;;;;;;;;;;;;;;;;;;;;;;;;;;;;;;;;;;
Izam Meat;Meat;;;2;C;MP_Meat.tga;MP_meat;;;;;;;;;;;;;;;;;;;;;;;;;;;;;;;;;;;;;;;;;;;;
Yber Meat;Meat;;;2;C;MP_Meat.tga;MP_meat;;;;;;;;;;;;;;;;;;;;;;;;;;;;;;;;;;;;;;;;;;;;
Arma Meat;Meat;;;2;C;MP_Meat.tga;MP_meat;;;;;;;;;;;;;;;;;;;;;;;;;;;;;;;;;;;;;;;;;;;;
Bodoc Meat;Meat;;;2;C;MP_Meat.tga;MP_meat;;;;;;;;;;;;;;;;;;;;;;;;;;;;;;;;;;;;;;;;;;;;
Yelk Meat;Meat;;;2;C;MP_Meat.tga;MP_meat;;;;;;;;;;;;;;;;;;;;;;;;;;;;;;;;;;;;;;;;;;;;
Lumper Meat;Meat;;;2;C;MP_Meat.tga;MP_meat;;;;;;;;;;;;;;;;;;;;;;;;;;;;;;;;;;;;;;;;;;;;
Timari Meat;Meat;;;2;C;MP_Meat.tga;MP_meat;;;;;;;;;;;;;;;;;;;;;;;;;;;;;;;;;;;;;;;;;;;;
Raspal Meat;Meat;;;2;C;MP_Meat.tga;MP_meat;;;;;;;;;;;;;;;;;;;;;;;;;;;;;;;;;;;;;;;;;;;;
Bawaab Meat;Meat;;;2;C;MP_Meat.tga;MP_meat;;;;;;;;;;;;;;;;;;;;;;;;;;;;;;;;;;;;;;;;;;;;
Frippo Meat;Meat;;;2;C;MP_Meat.tga;MP_meat;;;;;;;;;;;;;;;;;;;;;;;;;;;;;;;;;;;;;;;;;;;;
Rendor Meat;Meat;;;2;C;MP_Meat.tga;MP_meat;;;;;;;;;;;;;;;;;;;;;;;;;;;;;;;;;;;;;;;;;;;;
Gnoof Meat;Meat;;;2;C;MP_Meat.tga;MP_meat;;;;;;;;;;;;;;;;;;;;;;;;;;;;;;;;;;;;;;;;;;;;
Bolobi Meat;Meat;;;2;C;MP_Meat.tga;MP_meat;;;;;;;;;;;;;;;;;;;;;;;;;;;;;;;;;;;;;;;;;;;;
Shalah Meat;Meat;;;2;C;MP_Meat.tga;MP_meat;;;;;;;;;;;;;;;;;;;;;;;;;;;;;;;;;;;;;;;;;;;;
Ploderos Meat;Meat;;;2;C;MP_Meat.tga;MP_meat;;;;;;;;;;;;;;;;;;;;;;;;;;;;;;;;;;;;;;;;;;;;
Wombai Meat;Meat;;;2;C;MP_Meat.tga;MP_meat;;;;;;;;;;;;;;;;;;;;;;;;;;;;;;;;;;;;;;;;;;;;
Madakam Meat;Meat;;;2;C;MP_Meat.tga;MP_meat;;;;;;;;;;;;;;;;;;;;;;;;;;;;;;;;;;;;;;;;;;;;
Arana Meat;Meat;;;2;C;MP_Meat.tga;MP_meat;;;;;;;;;;;;;;;;;;;;;;;;;;;;;;;;;;;;;;;;;;;;
Gubani Meat;Meat;;;2;C;MP_Meat.tga;MP_meat;;;;;;;;;;;;;;;;;;;;;;;;;;;;;;;;;;;;;;;;;;;;
Javing Meat;Meat;;;2;C;MP_Meat.tga;MP_meat;;;;;;;;;;;;;;;;;;;;;;;;;;;;;;;;;;;;;;;;;;;;
Cuttler Meat;Meat;;;2;C;MP_Meat.tga;MP_meat;;;;;;;;;;;;;;;;;;;;;;;;;;;;;;;;;;;;;;;;;;;;
Ocyx Meat;Meat;;;2;C;MP_Meat.tga;MP_meat;;;;;;;;;;;;;;;;;;;;;;;;;;;;;;;;;;;;;;;;;;;;
Jugula Meat;Meat;;;2;C;MP_Meat.tga;MP_meat;;;;;;;;;;;;;;;;;;;;;;;;;;;;;;;;;;;;;;;;;;;;
Horncher Flesh;Meat;;;2;C;MP_Kitin_flesh.tga;MP_meat;;;;;;;;;;;;;;;;;;;;;;;;;;;;;;;;;;;;;;;;;;;;
Tyrancha Meat;Meat;;;2;C;MP_Meat.tga;MP_meat;;;;;;;;;;;;;;;;;;;;;;;;;;;;;;;;;;;;;;;;;;;;
Yetin Meat;Meat;;;2;C;MP_Meat.tga;MP_meat;;;;;;;;;;;;;;;;;;;;;;;;;;;;;;;;;;;;;;;;;;;;
Clopper Flesh;Meat;;;2;C;MP_Kitin_flesh.tga;MP_meat;;;;;;;;;;;;;;;;;;;;;;;;;;;;;;;;;;;;;;;;;;;;
Goari Flesh;Meat;;;2;C;MP_Kitin_flesh.tga;MP_meat;;;;;;;;;;;;;;;;;;;;;;;;;;;;;;;;;;;;;;;;;;;;
Kirosta Flesh;Kitin;;;2;C;MP_Kitin_flesh.tga;chair de kitin;;;;;;;;;;;;;;;;;;;;;;;;;;;;;;;;;;;;;;;;;;;;
Kincher Flesh;Kitin;;;2;C;MP_Kitin_flesh.tga;chair de kitin;;;;;;;;;;;;;;;;;;;;;;;;;;;;;;;;;;;;;;;;;;;;
Kipucka Flesh;Kitin;;;2;C;MP_Kitin_flesh.tga;chair de kitin;;;;;;;;;;;;;;;;;;;;;;;;;;;;;;;;;;;;;;;;;;;;
Kiban Flesh;Kitin;;;2;C;MP_Kitin_flesh.tga;chair de kitin;;;;;;;;;;;;;;;;;;;;;;;;;;;;;;;;;;;;;;;;;;;;
Kipee Flesh;Kitin;;;2;C;MP_Kitin_flesh.tga;chair de kitin;;;;;;;;;;;;;;;;;;;;;;;;;;;;;;;;;;;;;;;;;;;;
Kizoar Flesh;Kitin;;;2;C;MP_Kitin_flesh.tga;chair de kitin;;;;;;;;;;;;;;;;;;;;;;;;;;;;;;;;;;;;;;;;;;;;
Kipesta Flesh;Kitin;;;2;C;MP_Kitin_flesh.tga;chair de kitin;;;;;;;;;;;;;;;;;;;;;;;;;;;;;;;;;;;;;;;;;;;;
Cute Skull;Skull;;;2;C;MP_skull.tga;crane;;;;;;;;;;;;;;;;;;;;;;;;;;;;;;;;;;;;;;;;;;;;
Gibbai Skull;Skull;;;2;C;MP_skull.tga;crane;;;;;;;;;;;;;;;;;;;;;;;;;;;;;;;;;;;;;;;;;;;;
Arma Skull;Skull;;;2;C;MP_skull.tga;crane;;;;;;;;;;;;;;;;;;;;;;;;;;;;;;;;;;;;;;;;;;;;
Bodoc Skull;Skull;;;2;C;MP_skull.tga;crane;;;;;;;;;;;;;;;;;;;;;;;;;;;;;;;;;;;;;;;;;;;;
Capryni Skull;Skull;;;2;C;MP_skull.tga;crane;;;;;;;;;;;;;;;;;;;;;;;;;;;;;;;;;;;;;;;;;;;;
Gingo Skull;Skull;;;2;C;MP_skull.tga;crane;;;;;;;;;;;;;;;;;;;;;;;;;;;;;;;;;;;;;;;;;;;;
Yubo Skull;Skull;;;2;C;MP_skull.tga;crane;;;;;;;;;;;;;;;;;;;;;;;;;;;;;;;;;;;;;;;;;;;;
Messab Skull;Skull;;;2;C;MP_skull.tga;crane;;;;;;;;;;;;;;;;;;;;;;;;;;;;;;;;;;;;;;;;;;;;
Torbak Skull;Skull;;;2;C;MP_skull.tga;crane;;;;;;;;;;;;;;;;;;;;;;;;;;;;;;;;;;;;;;;;;;;;
Lumper Skull;Skull;;;2;C;MP_skull.tga;crane;;;;;;;;;;;;;;;;;;;;;;;;;;;;;;;;;;;;;;;;;;;;
Igara Skull;Skull;;;2;C;MP_skull.tga;crane;;;;;;;;;;;;;;;;;;;;;;;;;;;;;;;;;;;;;;;;;;;;
Izam Skull;Skull;;;2;C;MP_skull.tga;crane;;;;;;;;;;;;;;;;;;;;;;;;;;;;;;;;;;;;;;;;;;;;
Mektoub Skull;Skull;;;2;C;MP_skull.tga;crane;;;;;;;;;;;;;;;;;;;;;;;;;;;;;;;;;;;;;;;;;;;;
Ragus Skull;Skull;;;2;C;MP_skull.tga;crane;;;;;;;;;;;;;;;;;;;;;;;;;;;;;;;;;;;;;;;;;;;;
Najab Skull;Skull;;;2;C;MP_skull.tga;crane;;;;;;;;;;;;;;;;;;;;;;;;;;;;;;;;;;;;;;;;;;;;
Timari Skull;Skull;;;2;C;MP_skull.tga;crane;;;;;;;;;;;;;;;;;;;;;;;;;;;;;;;;;;;;;;;;;;;;
Vorax Skull;Skull;;;2;C;MP_skull.tga;crane;;;;;;;;;;;;;;;;;;;;;;;;;;;;;;;;;;;;;;;;;;;;
Yelk Skull;Skull;;;2;C;MP_skull.tga;crane;;;;;;;;;;;;;;;;;;;;;;;;;;;;;;;;;;;;;;;;;;;;
Varinx Skull;Skull;;;2;C;MP_skull.tga;crane;;;;;;;;;;;;;;;;;;;;;;;;;;;;;;;;;;;;;;;;;;;;
Yber Skull;Skull;;;2;C;MP_skull.tga;crane;;;;;;;;;;;;;;;;;;;;;;;;;;;;;;;;;;;;;;;;;;;;
Zerx Skull;Skull;;;2;C;MP_skull.tga;crane;;;;;;;;;;;;;;;;;;;;;;;;;;;;;;;;;;;;;;;;;;;;
Frahar Skull;Skull;;;2;C;MP_skull.tga;crane;;;;;;;;;;;;;;;;;;;;;;;;;;;;;;;;;;;;;;;;;;;;
Raspal Skull;Skull;;;2;C;MP_skull.tga;crane;;;;;;;;;;;;;;;;;;;;;;;;;;;;;;;;;;;;;;;;;;;;
Bawaab Skull;Skull;;;2;C;MP_skull.tga;crane;;;;;;;;;;;;;;;;;;;;;;;;;;;;;;;;;;;;;;;;;;;;
Frippo Skull;Skull;;;2;C;MP_skull.tga;crane;;;;;;;;;;;;;;;;;;;;;;;;;;;;;;;;;;;;;;;;;;;;
Rendor Skull;Skull;;;2;C;MP_skull.tga;crane;;;;;;;;;;;;;;;;;;;;;;;;;;;;;;;;;;;;;;;;;;;;
Gnoof Skull;Skull;;;2;C;MP_skull.tga;crane;;;;;;;;;;;;;;;;;;;;;;;;;;;;;;;;;;;;;;;;;;;;
Bolobi Skull;Skull;;;2;C;MP_skull.tga;crane;;;;;;;;;;;;;;;;;;;;;;;;;;;;;;;;;;;;;;;;;;;;
Shalah Skull;Skull;;;2;C;MP_skull.tga;crane;;;;;;;;;;;;;;;;;;;;;;;;;;;;;;;;;;;;;;;;;;;;
Ploderos Skull;Skull;;;2;C;MP_skull.tga;crane;;;;;;;;;;;;;;;;;;;;;;;;;;;;;;;;;;;;;;;;;;;;
Wombai Skull;Skull;;;2;C;MP_skull.tga;crane;;;;;;;;;;;;;;;;;;;;;;;;;;;;;;;;;;;;;;;;;;;;
Madakam Skull;Skull;;;2;C;MP_skull.tga;crane;;;;;;;;;;;;;;;;;;;;;;;;;;;;;;;;;;;;;;;;;;;;
Gubani Skull;Skull;;;2;C;MP_skull.tga;crane;;;;;;;;;;;;;;;;;;;;;;;;;;;;;;;;;;;;;;;;;;;;
Cuttler Skull;Skull;;;2;C;MP_skull.tga;crane;;;;;;;;;;;;;;;;;;;;;;;;;;;;;;;;;;;;;;;;;;;;
Ocyx Skull;Skull;;;2;C;MP_skull.tga;crane;;;;;;;;;;;;;;;;;;;;;;;;;;;;;;;;;;;;;;;;;;;;
Jugula Skull;Skull;;;2;C;MP_skull.tga;crane;;;;;;;;;;;;;;;;;;;;;;;;;;;;;;;;;;;;;;;;;;;;
Tyrancha Skull;Skull;;;2;C;MP_skull.tga;crane;;;;;;;;;;;;;;;;;;;;;;;;;;;;;;;;;;;;;;;;;;;;
Yetin Skull;Skull;;;2;C;MP_skull.tga;crane;;;;;;;;;;;;;;;;;;;;;;;;;;;;;;;;;;;;;;;;;;;;
Mektoub Blood;Blood;;;2;C;MP_Blood.tga;sang;;;;;;;;;;;;;;;;;;;;;;;;;;;;;;;;;;;;;;;;;;;;
Gingo Blood;Blood;;;2;C;MP_Blood.tga;sang;;;;;;;;;;;;;;;;;;;;;;;;;;;;;;;;;;;;;;;;;;;;
Ragus Blood;Blood;;;2;C;MP_Blood.tga;sang;;;;;;;;;;;;;;;;;;;;;;;;;;;;;;;;;;;;;;;;;;;;
Yubo Blood;Blood;;;2;C;MP_Blood.tga;sang;;;;;;;;;;;;;;;;;;;;;;;;;;;;;;;;;;;;;;;;;;;;
Kipee Blood;Blood;;;2;C;MP_Blood.tga;sang;;;;;;;;;;;;;;;;;;;;;;;;;;;;;;;;;;;;;;;;;;;;
Kipucka Blood;Blood;;;2;C;MP_Blood.tga;sang;;;;;;;;;;;;;;;;;;;;;;;;;;;;;;;;;;;;;;;;;;;;
Yelk Blood;Blood;;;2;C;MP_Blood.tga;sang;;;;;;;;;;;;;;;;;;;;;;;;;;;;;;;;;;;;;;;;;;;;
Cray Blood;Blood;;;2;C;MP_Blood.tga;sang;;;;;;;;;;;;;;;;;;;;;;;;;;;;;;;;;;;;;;;;;;;;
Timari Blood;Blood;;;2;C;MP_Blood.tga;sang;;;;;;;;;;;;;;;;;;;;;;;;;;;;;;;;;;;;;;;;;;;;
Raspal Blood;Blood;;;2;C;MP_Blood.tga;sang;;;;;;;;;;;;;;;;;;;;;;;;;;;;;;;;;;;;;;;;;;;;
Bawaab Blood;Blood;;;2;C;MP_Blood.tga;sang;;;;;;;;;;;;;;;;;;;;;;;;;;;;;;;;;;;;;;;;;;;;
Frippo Blood;Blood;;;2;C;MP_Blood.tga;sang;;;;;;;;;;;;;;;;;;;;;;;;;;;;;;;;;;;;;;;;;;;;
Rendor Blood;Blood;;;2;C;MP_Blood.tga;sang;;;;;;;;;;;;;;;;;;;;;;;;;;;;;;;;;;;;;;;;;;;;
Gnoof Blood;Blood;;;2;C;MP_Blood.tga;sang;;;;;;;;;;;;;;;;;;;;;;;;;;;;;;;;;;;;;;;;;;;;
Bolobi Blood;Blood;;;2;C;MP_Blood.tga;sang;;;;;;;;;;;;;;;;;;;;;;;;;;;;;;;;;;;;;;;;;;;;
Shalah Blood;Blood;;;2;C;MP_Blood.tga;sang;;;;;;;;;;;;;;;;;;;;;;;;;;;;;;;;;;;;;;;;;;;;
Ploderos Blood;Blood;;;2;C;MP_Blood.tga;sang;;;;;;;;;;;;;;;;;;;;;;;;;;;;;;;;;;;;;;;;;;;;
Wombai Blood;Blood;;;2;C;MP_Blood.tga;sang;;;;;;;;;;;;;;;;;;;;;;;;;;;;;;;;;;;;;;;;;;;;
Madakam Blood;Blood;;;2;C;MP_Blood.tga;sang;;;;;;;;;;;;;;;;;;;;;;;;;;;;;;;;;;;;;;;;;;;;
Arana Blood;Blood;;;2;C;MP_Blood.tga;sang;;;;;;;;;;;;;;;;;;;;;;;;;;;;;;;;;;;;;;;;;;;;
Gubani Blood;Blood;;;2;C;MP_Blood.tga;sang;;;;;;;;;;;;;;;;;;;;;;;;;;;;;;;;;;;;;;;;;;;;
Javing Blood;Blood;;;2;C;MP_Blood.tga;sang;;;;;;;;;;;;;;;;;;;;;;;;;;;;;;;;;;;;;;;;;;;;
Cuttler Blood;Blood;;;2;C;MP_Blood.tga;sang;;;;;;;;;;;;;;;;;;;;;;;;;;;;;;;;;;;;;;;;;;;;
Ocyx Blood;Blood;;;2;C;MP_Blood.tga;sang;;;;;;;;;;;;;;;;;;;;;;;;;;;;;;;;;;;;;;;;;;;;
Jugula Blood;Blood;;;2;C;MP_Blood.tga;sang;;;;;;;;;;;;;;;;;;;;;;;;;;;;;;;;;;;;;;;;;;;;
Horncher Blood;Blood;;;2;C;MP_Blood.tga;sang;;;;;;;;;;;;;;;;;;;;;;;;;;;;;;;;;;;;;;;;;;;;
Tyrancha Blood;Blood;;;2;C;MP_Blood.tga;sang;;;;;;;;;;;;;;;;;;;;;;;;;;;;;;;;;;;;;;;;;;;;
Yetin Blood;Blood;;;2;C;MP_Blood.tga;sang;;;;;;;;;;;;;;;;;;;;;;;;;;;;;;;;;;;;;;;;;;;;
Gibbai Hairs;Fur;;;2;C;MP_Hairs.tga;poils;;;;;;;;;;;;;;;;;;;;;;;;;;;;;;;;;;;;;;;;;;;;
Capryni Hairs;Fur;;;2;C;MP_Hairs.tga;poils;;;;;;;;;;;;;;;;;;;;;;;;;;;;;;;;;;;;;;;;;;;;
Gingo Hairs;Fur;;;2;C;MP_Hairs.tga;poils;;;;;;;;;;;;;;;;;;;;;;;;;;;;;;;;;;;;;;;;;;;;
Torbak Hairs;Fur;;;2;C;MP_Hairs.tga;poils;;;;;;;;;;;;;;;;;;;;;;;;;;;;;;;;;;;;;;;;;;;;
Ragus Hairs;Fur;;;2;C;MP_Hairs.tga;poils;;;;;;;;;;;;;;;;;;;;;;;;;;;;;;;;;;;;;;;;;;;;
Lumper Hairs;Fur;;;2;C;MP_Hairs.tga;poils;;;;;;;;;;;;;;;;;;;;;;;;;;;;;;;;;;;;;;;;;;;;
Zerx Hairs;Fur;;;2;C;MP_Hairs.tga;poils;;;;;;;;;;;;;;;;;;;;;;;;;;;;;;;;;;;;;;;;;;;;
Bodoc Hairs;Fur;;;2;C;MP_Hairs.tga;poils;;;;;;;;;;;;;;;;;;;;;;;;;;;;;;;;;;;;;;;;;;;;
Arma Hairs;Fur;;;2;C;MP_Hairs.tga;poils;;;;;;;;;;;;;;;;;;;;;;;;;;;;;;;;;;;;;;;;;;;;
Yubo Hairs;Fur;;;2;C;MP_Hairs.tga;poils;;;;;;;;;;;;;;;;;;;;;;;;;;;;;;;;;;;;;;;;;;;;
Cute Hairs;Fur;;;2;C;MP_Hairs.tga;poils;;;;;;;;;;;;;;;;;;;;;;;;;;;;;;;;;;;;;;;;;;;;
Gnoof Hairs;Fur;;;2;C;MP_Hairs.tga;poils;;;;;;;;;;;;;;;;;;;;;;;;;;;;;;;;;;;;;;;;;;;;
Bolobi Hairs;Fur;;;2;C;MP_Hairs.tga;poils;;;;;;;;;;;;;;;;;;;;;;;;;;;;;;;;;;;;;;;;;;;;
Shalah Hairs;Fur;;;2;C;MP_Hairs.tga;poils;;;;;;;;;;;;;;;;;;;;;;;;;;;;;;;;;;;;;;;;;;;;
Wombai Hairs;Fur;;;2;C;MP_Hairs.tga;poils;;;;;;;;;;;;;;;;;;;;;;;;;;;;;;;;;;;;;;;;;;;;
Gubani Hairs;Fur;;;2;C;MP_Hairs.tga;poils;;;;;;;;;;;;;;;;;;;;;;;;;;;;;;;;;;;;;;;;;;;;
Yetin Hairs;Fur;;;2;C;MP_Hairs.tga;poils;;;;;;;;;;;;;;;;;;;;;;;;;;;;;;;;;;;;;;;;;;;;
Arana Moss;Fur;;;2;C;MP_Moss.tga;poils;;;;;;;;;;;;;;;;;;;;;;;;;;;;;;;;;;;;;;;;;;;;
Goo Contaminated Meat;Meat;;;2;G;MP_Meat.tga;viande contaminée (base MP_meat);;;;;;;;;;;;;;;;;;;;;;;;;;;;;;;;;;;;;;;;;;;;
Kitin Claw;Kitin;;;2;Ik;MP_Claw.tga;;;;;;;;;;;;x;CC/Fragment of Kitin Claw/a/the/Fragments of Kitin Claw/the;CC/Kitin Trophy/a/the/Kitin Trophies/the;;;;;;;;;;;;;;;;;;;;;;;;;;;;;;;
Kitin Secretion;Kitin;;;2;Ik;MP_Kitin_Secretion.tga;;;;;;;;;;;;x;CC/Kitin Secretion/a/the/Kitin Secretions/the;;;;;;;;;;;;;;;;;;;;;;;;;;;;;;;;
Atrium;Mineral;;;2;D;;;;;;;;;;;;;;;;;;;;;;;;;;;;;;;;;;;;;;;;;;;;;;
Matis Order Form;Paper;;;2;D;ICO_mission_message.tga;;;;;;;;;;;;;;;;;;;;;;;;;;;;;;;;;;;;;;;;;;;;;
Fyros Order Form;Paper;;;2;D;ICO_mission_message.tga;;;;;;;;;;;;;;;;;;;;;;;;;;;;;;;;;;;;;;;;;;;;;
Zorai Order Form;Paper;;;2;D;ICO_mission_message.tga;;;;;;;;;;;;;;;;;;;;;;;;;;;;;;;;;;;;;;;;;;;;;
Tryker Order Form;Paper;;;2;D;ICO_mission_message.tga;;;;;;;;;;;;;;;;;;;;;;;;;;;;;;;;;;;;;;;;;;;;;
Matis Military Package;Pack;;;2;D;ICO_mission_package.tga;;;;;;;;;;;;;;;;;;;;;;;;;;;;;;;;;;;;;;;;;;;;;
Fyros Military Package;Pack;;;2;D;ICO_mission_package.tga;;;;;;;;;;;;;;;;;;;;;;;;;;;;;;;;;;;;;;;;;;;;;
Zorai Military Package;Pack;;;2;D;ICO_mission_package.tga;;;;;;;;;;;;;;;;;;;;;;;;;;;;;;;;;;;;;;;;;;;;;
Tryker Military Package;Pack;;;2;D;ICO_mission_package.tga;;;;;;;;;;;;;;;;;;;;;;;;;;;;;;;;;;;;;;;;;;;;;
Matis Royal Token;Token;;;2;D;ICO_mission_art_matis.tga;;;;;;;;;;;;;;;;;;;;;;;;;;;;;;;;;;;;;;;;;;;;;
Fyros Imperial Token;Token;;;2;D;ICO_mission_art_fyros.tga;;;;;;;;;;;;;;;;;;;;;;;;;;;;;;;;;;;;;;;;;;;;;
Zorai Cho Token;Token;;;2;D;ICO_mission_art_zorai.tga;;;;;;;;;;;;;;;;;;;;;;;;;;;;;;;;;;;;;;;;;;;;;
Tryker Federation Token;Token;;;2;D;ICO_mission_art_tryker.tga;;;;;;;;;;;;;;;;;;;;;;;;;;;;;;;;;;;;;;;;;;;;;
Goo Part;Meat;;;2;Ichbp;MP_Goo_Residue.tga;;;;;;;;;;;;x;CC/Goo Part/a/the/Goo Parts/the;;;;;;;;;;;;;;;;;;;;;;;;;;;;;;;;
Kitin Larva;Kitin;ABCDEFGHIJKLMNOPQRYZ;;0;D;MP_Larva.tga;larve/œuf de Kitin;(Kitinière);;;;;;;;0;7;x;CF/Supreme Kitin Larva/a/the/Supreme Kitin Larvas/the;;;;;;;;;;;;;;;;;;;;;;;;;;;;;;;;
;;;;;;;;;;;;;;;;;;;;;;;;;;;;;;;;;;;;;;;;;;;;;;;;;;;
Slaveni Leaf;Aggressive plant;;;2;C;MP_Leaf.tga;feuille de plante (créature);;;;;;;;;;;;;;;;;;;;;;;;;;;;;;;;;;;;;;;;;;;;
Slaveni Pistil;Aggressive plant;;;2;C;MP_pistil.tga;pistil de plante (créature);;;;;;;;;;;;;;;;;;;;;;;;;;;;;;;;;;;;;;;;;;;;
Shooki Leaf;Aggressive plant;;;2;C;MP_Leaf.tga;feuille de plante (créature);;;;;;;;;;;;;;;;;;;;;;;;;;;;;;;;;;;;;;;;;;;;
Shooki Pistil;Aggressive plant;;;2;C;MP_pistil.tga;pistil de plante (créature);;;;;;;;;;;;;;;;;;;;;;;;;;;;;;;;;;;;;;;;;;;;
Psykopla Leaf;Aggressive plant;;;2;C;MP_Leaf.tga;feuille de plante (créature);;;;;;;;;;;;;;;;;;;;;;;;;;;;;;;;;;;;;;;;;;;;
Psykopla Pistil;Aggressive plant;;;2;C;MP_pistil.tga;pistil de plante (créature);;;;;;;;;;;;;;;;;;;;;;;;;;;;;;;;;;;;;;;;;;;;
Jubla Leaf;Aggressive plant;;;2;C;MP_Leaf.tga;feuille de plante (créature);;;;;;;;;;;;;;;;;;;;;;;;;;;;;;;;;;;;;;;;;;;;
Jubla Pistil;Aggressive plant;;;2;C;MP_pistil.tga;pistil de plante (créature);;;;;;;;;;;;;;;;;;;;;;;;;;;;;;;;;;;;;;;;;;;;
Stinga Leaf;Aggressive plant;;;2;C;MP_Leaf.tga;feuille de plante (créature);;;;;;;;;;;;;;;;;;;;;;;;;;;;;;;;;;;;;;;;;;;;
Stinga Pistil;Aggressive plant;;;2;C;MP_pistil.tga;pistil de plante (créature);;;;;;;;;;;;;;;;;;;;;;;;;;;;;;;;;;;;;;;;;;;;
Cratcha Leaf;Aggressive plant;;;2;C;MP_Leaf.tga;feuille de plante (créature);;;;;;;;;;;;;;;;;;;;;;;;;;;;;;;;;;;;;;;;;;;;
Cratcha Pistil;Aggressive plant;;;2;C;MP_pistil.tga;pistil de plante (créature);;;;;;;;;;;;;;;;;;;;;;;;;;;;;;;;;;;;;;;;;;;;
;;;;;;;;;;;;;;;;;;;;;;;;;;;;;;;;;;;;;;;;;;;;;;;;;;;
;;;;;;;;;;;;;;;;;;;;;;;;;;;;;;;;;;;;;;;;;;;;;;;;;;;
;;;;;;;;;;;;;;;;;;;;;;;;;;;;;;;;;;;;;;;;;;;;;;;;;;;
;;;;;;;;;;;;;;;;;;;;;;;;;;;;;;;;;;;;;;;;;;;;;;;;;;;
;;;;;;;;;;;;;;;;;;;;;;;;;;;;;;;;;;;;;;;;;;;;;;;;;;;
;;;;;;;;;;;;;;;;;;;;;;;;;;;;;;;;;;;;;;;;;;;;;;;;;;;
;;;;;;;;;;;;;;;;;;;;;;;;;;;;;;;;;;;;;;;;;;;;;;;;;;;
;;;;;;;;;;;;;;;;;;;;;;;;;;;;;;;;;;;;;;;;;;;;;;;;;;;
;;;;;;;;;;;;;;;;;;;;;;;;;;;;;;;;;;;;;;;;;;;;;;;;;;;
;;;;;;;BK_generic.tga;;;;;;;;;;;;;;;;;;;;;;;;;;;;;;;;;;;;;;;;;;;;
;;;;;;;BK_fyros.tga;;;;;;;;;;;;;;;;;;;;;;;;;;;;;;;;;;;;;;;;;;;;
;;;;;;;BK_matis.tga;;;;;;;;;;;;;;;;;;;;;;;;;;;;;;;;;;;;;;;;;;;;
;;;;;;;BK_zorai.tga;;;;;;;;;;;;;;;;;;;;;;;;;;;;;;;;;;;;;;;;;;;;
;;;;;;;BK_tryker.tga;;;;;;;;;;;;;;;;;;;;;;;;;;;;;;;;;;;;;;;;;;;;
;;;;;;;BK_primes.tga;;;;;;;;;;;;;;;;;;;;;;;;;;;;;;;;;;;;;;;;;;;;
;;;;;;;BK_goo.tga;;;;;;;;;;;;;;;;;;;;;;;;;;;;;;;;;;;;;;;;;;;;
;;;;;;;BK_generic.tga;;;;;;;;;;;;;;;;;;;;;;;;;;;;;;;;;;;;;;;;;;;;
